Unit;ADR13;ADR14;ADR15;ADR16;Ocurrences;Class DeF
org.apache.cassandra.auth.AllowAllAuthenticator;1.0;0.0;1.0;1.0;3.0;0.75
org.apache.cassandra.auth.AllowAllAuthorizer;1.0;0.0;1.0;1.0;3.0;0.75
org.apache.cassandra.auth.Auth;1.0;0.0;1.0;1.0;3.0;0.75
org.apache.cassandra.auth.AuthenticatedUser;1.0;0.0;1.0;1.0;3.0;0.75
org.apache.cassandra.auth.DataResource;1.0;1.0;1.0;0.0;3.0;0.75
org.apache.cassandra.auth.LegacyAuthenticator;1.0;0.0;1.0;0.0;2.0;0.5
org.apache.cassandra.auth.LegacyAuthorizer;1.0;0.0;1.0;1.0;3.0;0.75
org.apache.cassandra.auth.MigrationListener;1.0;0.0;1.0;1.0;3.0;0.75
org.apache.cassandra.auth.PermissionDetails;1.0;0.0;1.0;1.0;3.0;0.75
org.apache.cassandra.auth.Resources;1.0;0.0;1.0;1.0;3.0;0.75
org.apache.cassandra.cache.AutoSavingCache;1.0;0.0;1.0;1.0;3.0;0.75
org.apache.cassandra.cache.AutoSavingCache$Writer;1.0;0.0;1.0;1.0;3.0;0.75
org.apache.cassandra.cache.ConcurrentLinkedHashCache;1.0;0.0;1.0;0.0;2.0;0.5
org.apache.cassandra.cache.ConcurrentLinkedHashCacheProvider;1.0;1.0;1.0;1.0;4.0;1.0
org.apache.cassandra.cache.InstrumentingCache;1.0;0.0;1.0;0.0;2.0;0.5
org.apache.cassandra.cache.KeyCacheKey;1.0;0.0;1.0;1.0;3.0;0.75
org.apache.cassandra.cache.RefCountedMemory;1.0;1.0;1.0;1.0;4.0;1.0
org.apache.cassandra.cache.RowCacheKey;1.0;0.0;1.0;1.0;3.0;0.75
org.apache.cassandra.cache.RowCacheSentinel;1.0;0.0;1.0;1.0;3.0;0.75
org.apache.cassandra.cache.SerializingCache;1.0;0.0;1.0;0.0;2.0;0.5
org.apache.cassandra.cache.SerializingCacheProvider;1.0;1.0;1.0;1.0;4.0;1.0
org.apache.cassandra.cache.SerializingCacheProvider$RowCacheSerializer;1.0;1.0;1.0;1.0;4.0;1.0
org.apache.cassandra.cli.CliClient;1.0;1.0;1.0;0.0;3.0;0.75
org.apache.cassandra.cli.CliClient$CfAssumptions;1.0;0.0;1.0;1.0;3.0;0.75
org.apache.cassandra.cli.CliClient$CfDefNamesComparator;1.0;1.0;1.0;1.0;4.0;1.0
org.apache.cassandra.cli.CliClient$KsDefNamesComparator;1.0;1.0;1.0;1.0;4.0;1.0
org.apache.cassandra.cli.CliCommandHelp;1.0;1.0;1.0;1.0;4.0;1.0
org.apache.cassandra.cli.CliCompiler;1.0;0.0;1.0;1.0;3.0;0.75
org.apache.cassandra.cli.CliCompiler$ANTLRNoCaseStringStream;1.0;1.0;1.0;1.0;4.0;1.0
org.apache.cassandra.cli.CliCompleter;1.0;1.0;1.0;1.0;4.0;1.0
org.apache.cassandra.cli.CliMain;1.0;1.0;1.0;1.0;4.0;1.0
org.apache.cassandra.cli.CliOptions;1.0;0.0;0.0;1.0;2.0;0.5
org.apache.cassandra.cli.CliOptions$CLIOptions;1.0;1.0;1.0;1.0;4.0;1.0
org.apache.cassandra.cli.CliSessionState;1.0;0.0;0.0;1.0;2.0;0.5
org.apache.cassandra.cli.CliUserHelp;1.0;1.0;1.0;1.0;4.0;1.0
org.apache.cassandra.cli.CliUtils;1.0;0.0;1.0;1.0;3.0;0.75
org.apache.cassandra.cli.transport.FramedTransportFactory;1.0;1.0;1.0;1.0;4.0;1.0
org.apache.cassandra.cli.transport.SSLTransportFactory;1.0;1.0;1.0;1.0;4.0;1.0
org.apache.cassandra.cli.transport.SimpleTransportFactory;1.0;1.0;1.0;1.0;4.0;1.0
org.apache.cassandra.client.RingCache;1.0;0.0;1.0;1.0;3.0;0.75
org.apache.cassandra.concurrent.CreationTimeAwareFuture;1.0;0.0;1.0;1.0;3.0;0.75
org.apache.cassandra.concurrent.DebuggableScheduledThreadPoolExecutor;1.0;1.0;1.0;1.0;4.0;1.0
org.apache.cassandra.concurrent.DebuggableScheduledThreadPoolExecutor$UncomplainingRunnable;1.0;1.0;1.0;1.0;4.0;1.0
org.apache.cassandra.concurrent.DebuggableThreadPoolExecutor;1.0;0.0;1.0;0.0;2.0;0.5
org.apache.cassandra.concurrent.DebuggableThreadPoolExecutor$TraceSessionWrapper;1.0;1.0;1.0;1.0;4.0;1.0
org.apache.cassandra.concurrent.JMXConfigurableThreadPoolExecutor;1.0;1.0;1.0;1.0;4.0;1.0
org.apache.cassandra.concurrent.JMXEnabledThreadPoolExecutor;1.0;0.0;1.0;1.0;3.0;0.75
org.apache.cassandra.concurrent.NamedThreadFactory;1.0;0.0;1.0;1.0;3.0;0.75
org.apache.cassandra.concurrent.StageManager;1.0;0.0;1.0;1.0;3.0;0.75
org.apache.cassandra.concurrent.StageManager$ExecuteOnlyExecutor;1.0;1.0;1.0;1.0;4.0;1.0
org.apache.cassandra.config.Avro;1.0;1.0;1.0;1.0;4.0;1.0
org.apache.cassandra.config.Config;1.0;0.0;0.0;1.0;2.0;0.5
org.apache.cassandra.config.DatabaseDescriptor;1.0;1.0;0.0;0.0;2.0;0.5
org.apache.cassandra.config.KSMetaData;1.0;0.0;1.0;0.0;2.0;0.5
org.apache.cassandra.config.RequestSchedulerOptions;1.0;0.0;1.0;1.0;3.0;0.75
org.apache.cassandra.config.Schema;1.0;0.0;1.0;0.0;2.0;0.5
org.apache.cassandra.config.SeedProviderDef;1.0;1.0;1.0;1.0;4.0;1.0
org.apache.cassandra.cql.AbstractModification;1.0;0.0;1.0;1.0;3.0;0.75
org.apache.cassandra.cql.AlterTableStatement;1.0;0.0;1.0;1.0;3.0;0.75
org.apache.cassandra.cql.Attributes;1.0;0.0;1.0;1.0;3.0;0.75
org.apache.cassandra.cql.BatchStatement;1.0;0.0;1.0;1.0;3.0;0.75
org.apache.cassandra.cql.CFPropDefs;1.0;0.0;0.0;0.0;1.0;0.25
org.apache.cassandra.cql.CQLStatement;1.0;1.0;1.0;1.0;4.0;1.0
org.apache.cassandra.cql.CreateColumnFamilyStatement;1.0;0.0;1.0;0.0;2.0;0.5
org.apache.cassandra.cql.CreateIndexStatement;1.0;0.0;1.0;1.0;3.0;0.75
org.apache.cassandra.cql.CreateKeyspaceStatement;1.0;0.0;1.0;1.0;3.0;0.75
org.apache.cassandra.cql.DeleteStatement;1.0;0.0;1.0;1.0;3.0;0.75
org.apache.cassandra.cql.DropIndexStatement;1.0;0.0;1.0;1.0;3.0;0.75
org.apache.cassandra.cql.Operation;1.0;0.0;1.0;1.0;3.0;0.75
org.apache.cassandra.cql.QueryProcessor;1.0;1.0;1.0;0.0;3.0;0.75
org.apache.cassandra.cql.Relation;1.0;0.0;1.0;1.0;3.0;0.75
org.apache.cassandra.cql.SelectExpression;1.0;0.0;1.0;0.0;2.0;0.5
org.apache.cassandra.cql.SelectStatement;1.0;0.0;1.0;0.0;2.0;0.5
org.apache.cassandra.cql.Term;1.0;0.0;1.0;1.0;3.0;0.75
org.apache.cassandra.cql.UpdateStatement;1.0;0.0;1.0;0.0;2.0;0.5
org.apache.cassandra.cql.WhereClause;1.0;0.0;1.0;0.0;2.0;0.5
org.apache.cassandra.cql.jdbc.AbstractJdbcType;1.0;0.0;1.0;0.0;2.0;0.5
org.apache.cassandra.cql.jdbc.AbstractJdbcUUID;1.0;0.0;1.0;1.0;3.0;0.75
org.apache.cassandra.cql.jdbc.JdbcAscii;1.0;0.0;1.0;0.0;2.0;0.5
org.apache.cassandra.cql.jdbc.JdbcBoolean;1.0;0.0;1.0;0.0;2.0;0.5
org.apache.cassandra.cql.jdbc.JdbcBytes;1.0;0.0;1.0;0.0;2.0;0.5
org.apache.cassandra.cql.jdbc.JdbcCounterColumn;1.0;1.0;1.0;1.0;4.0;1.0
org.apache.cassandra.cql.jdbc.JdbcDate;1.0;0.0;1.0;0.0;2.0;0.5
org.apache.cassandra.cql.jdbc.JdbcDecimal;1.0;0.0;1.0;0.0;2.0;0.5
org.apache.cassandra.cql.jdbc.JdbcDouble;1.0;0.0;1.0;0.0;2.0;0.5
org.apache.cassandra.cql.jdbc.JdbcFloat;1.0;0.0;1.0;0.0;2.0;0.5
org.apache.cassandra.cql.jdbc.JdbcInetAddress;1.0;0.0;1.0;0.0;2.0;0.5
org.apache.cassandra.cql.jdbc.JdbcInt32;1.0;0.0;1.0;0.0;2.0;0.5
org.apache.cassandra.cql.jdbc.JdbcInteger;1.0;0.0;1.0;0.0;2.0;0.5
org.apache.cassandra.cql.jdbc.JdbcLexicalUUID;1.0;0.0;1.0;1.0;3.0;0.75
org.apache.cassandra.cql.jdbc.JdbcLong;1.0;0.0;1.0;0.0;2.0;0.5
org.apache.cassandra.cql.jdbc.JdbcTimeUUID;1.0;0.0;1.0;1.0;3.0;0.75
org.apache.cassandra.cql.jdbc.JdbcUTF8;1.0;0.0;1.0;0.0;2.0;0.5
org.apache.cassandra.cql.jdbc.JdbcUUID;1.0;0.0;1.0;1.0;3.0;0.75
org.apache.cassandra.cql.jdbc.MarshalException;1.0;1.0;1.0;1.0;4.0;1.0
org.apache.cassandra.cql.jdbc.TypesMap;1.0;1.0;1.0;1.0;4.0;1.0
org.apache.cassandra.cql3.Attributes;1.0;1.0;1.0;1.0;4.0;1.0
org.apache.cassandra.cql3.CFDefinition;1.0;0.0;1.0;1.0;3.0;0.75
org.apache.cassandra.cql3.CFDefinition$Name;1.0;1.0;1.0;1.0;4.0;1.0
org.apache.cassandra.cql3.CFDefinition$NonCompositeBuilder;1.0;0.0;1.0;1.0;3.0;0.75
org.apache.cassandra.cql3.CFPropDefs;1.0;0.0;0.0;1.0;2.0;0.5
org.apache.cassandra.cql3.KSPropDefs;1.0;0.0;1.0;1.0;3.0;0.75
org.apache.cassandra.cql3.ParsedType$Collection;1.0;0.0;1.0;1.0;3.0;0.75
org.apache.cassandra.cql3.ParsedType$Custom;1.0;0.0;1.0;1.0;3.0;0.75
org.apache.cassandra.cql3.PropertyDefinitions;1.0;0.0;1.0;0.0;2.0;0.5
org.apache.cassandra.cql3.QueryProcessor;1.0;0.0;1.0;0.0;2.0;0.5
org.apache.cassandra.cql3.Relation;1.0;0.0;1.0;1.0;3.0;0.75
org.apache.cassandra.cql3.ResultSet;1.0;0.0;1.0;1.0;3.0;0.75
org.apache.cassandra.cql3.ResultSet$Codec;1.0;1.0;1.0;1.0;4.0;1.0
org.apache.cassandra.cql3.ResultSet$Metadata;1.0;0.0;1.0;1.0;3.0;0.75
org.apache.cassandra.cql3.ResultSet$Metadata$Codec;1.0;1.0;1.0;1.0;4.0;1.0
org.apache.cassandra.cql3.UntypedResultSet;1.0;0.0;1.0;1.0;3.0;0.75
org.apache.cassandra.cql3.UntypedResultSet$Row;1.0;0.0;1.0;0.0;2.0;0.5
org.apache.cassandra.cql3.UpdateParameters;1.0;0.0;1.0;1.0;3.0;0.75
org.apache.cassandra.cql3.UserOptions;1.0;0.0;1.0;1.0;3.0;0.75
org.apache.cassandra.cql3.operations.ColumnOperation;1.0;0.0;1.0;0.0;2.0;0.5
org.apache.cassandra.cql3.operations.ListOperation;1.0;1.0;1.0;0.0;3.0;0.75
org.apache.cassandra.cql3.operations.ListOperation$PrecisionTime;1.0;1.0;1.0;1.0;4.0;1.0
org.apache.cassandra.cql3.operations.MapOperation;1.0;0.0;1.0;0.0;2.0;0.5
org.apache.cassandra.cql3.operations.PreparedOperation;1.0;1.0;1.0;1.0;4.0;1.0
org.apache.cassandra.cql3.operations.SetOperation;1.0;0.0;1.0;0.0;2.0;0.5
org.apache.cassandra.cql3.statements.AlterKeyspaceStatement;1.0;0.0;1.0;1.0;3.0;0.75
org.apache.cassandra.cql3.statements.AlterTableStatement;1.0;1.0;1.0;1.0;4.0;1.0
org.apache.cassandra.cql3.statements.AlterUserStatement;1.0;0.0;1.0;1.0;3.0;0.75
org.apache.cassandra.cql3.statements.AuthenticationStatement;1.0;0.0;1.0;1.0;3.0;0.75
org.apache.cassandra.cql3.statements.AuthorizationStatement;1.0;0.0;1.0;1.0;3.0;0.75
org.apache.cassandra.cql3.statements.BatchStatement;1.0;0.0;1.0;1.0;3.0;0.75
org.apache.cassandra.cql3.statements.ColumnGroupMap;1.0;0.0;1.0;1.0;3.0;0.75
org.apache.cassandra.cql3.statements.ColumnGroupMap$Builder;1.0;0.0;1.0;1.0;3.0;0.75
org.apache.cassandra.cql3.statements.ColumnGroupMap$Collection;1.0;1.0;1.0;1.0;4.0;1.0
org.apache.cassandra.cql3.statements.ColumnGroupMap$Simple;1.0;1.0;1.0;1.0;4.0;1.0
org.apache.cassandra.cql3.statements.CreateColumnFamilyStatement;1.0;0.0;1.0;1.0;3.0;0.75
org.apache.cassandra.cql3.statements.CreateColumnFamilyStatement$RawStatement;1.0;1.0;1.0;1.0;4.0;1.0
org.apache.cassandra.cql3.statements.CreateIndexStatement;1.0;0.0;1.0;1.0;3.0;0.75
org.apache.cassandra.cql3.statements.CreateKeyspaceStatement;1.0;0.0;1.0;1.0;3.0;0.75
org.apache.cassandra.cql3.statements.CreateUserStatement;1.0;0.0;1.0;1.0;3.0;0.75
org.apache.cassandra.cql3.statements.DeleteStatement;1.0;0.0;1.0;1.0;3.0;0.75
org.apache.cassandra.cql3.statements.DropColumnFamilyStatement;1.0;1.0;1.0;1.0;4.0;1.0
org.apache.cassandra.cql3.statements.DropIndexStatement;1.0;0.0;1.0;1.0;3.0;0.75
org.apache.cassandra.cql3.statements.DropKeyspaceStatement;1.0;0.0;1.0;1.0;3.0;0.75
org.apache.cassandra.cql3.statements.DropUserStatement;1.0;0.0;1.0;1.0;3.0;0.75
org.apache.cassandra.cql3.statements.GrantStatement;1.0;1.0;1.0;1.0;4.0;1.0
org.apache.cassandra.cql3.statements.ListPermissionsStatement;1.0;0.0;1.0;1.0;3.0;0.75
org.apache.cassandra.cql3.statements.ListUsersStatement;1.0;1.0;1.0;1.0;4.0;1.0
org.apache.cassandra.cql3.statements.ModificationStatement;1.0;0.0;1.0;0.0;2.0;0.5
org.apache.cassandra.cql3.statements.ParsedStatement;1.0;0.0;1.0;1.0;3.0;0.75
org.apache.cassandra.cql3.statements.PermissionAlteringStatement;1.0;0.0;1.0;1.0;3.0;0.75
org.apache.cassandra.cql3.statements.RevokeStatement;1.0;1.0;1.0;1.0;4.0;1.0
org.apache.cassandra.cql3.statements.SchemaAlteringStatement;1.0;0.0;1.0;1.0;3.0;0.75
org.apache.cassandra.cql3.statements.SelectStatement;1.0;1.0;1.0;0.0;3.0;0.75
org.apache.cassandra.cql3.statements.SelectStatement$CompositeComparator;1.0;1.0;1.0;1.0;4.0;1.0
org.apache.cassandra.cql3.statements.SelectStatement$Parameters;1.0;0.0;1.0;1.0;3.0;0.75
org.apache.cassandra.cql3.statements.SelectStatement$RawStatement;1.0;1.0;1.0;1.0;4.0;1.0
org.apache.cassandra.cql3.statements.SelectStatement$Restriction;1.0;0.0;1.0;1.0;3.0;0.75
org.apache.cassandra.cql3.statements.SelectStatement$SingleColumnComparator;1.0;1.0;1.0;1.0;4.0;1.0
org.apache.cassandra.cql3.statements.Selector;1.0;0.0;1.0;1.0;3.0;0.75
org.apache.cassandra.cql3.statements.Selector$WithFunction;1.0;0.0;1.0;1.0;3.0;0.75
org.apache.cassandra.cql3.statements.Selector$WithKey;1.0;0.0;1.0;1.0;3.0;0.75
org.apache.cassandra.cql3.statements.TruncateStatement;1.0;0.0;1.0;1.0;3.0;0.75
org.apache.cassandra.cql3.statements.UpdateStatement;1.0;1.0;1.0;1.0;4.0;1.0
org.apache.cassandra.cql3.statements.UseStatement;1.0;0.0;1.0;1.0;3.0;0.75
org.apache.cassandra.db.AbstractColumnContainer;1.0;0.0;1.0;0.0;2.0;0.5
org.apache.cassandra.db.AbstractThreadUnsafeSortedColumns;1.0;0.0;1.0;1.0;3.0;0.75
org.apache.cassandra.db.ArrayBackedSortedColumns;1.0;0.0;1.0;0.0;2.0;0.5
org.apache.cassandra.db.ArrayBackedSortedColumns$ColumnNamesSet;1.0;0.0;1.0;1.0;3.0;0.75
org.apache.cassandra.db.ArrayBackedSortedColumns$ForwardSortedCollection;1.0;1.0;1.0;1.0;4.0;1.0
org.apache.cassandra.db.ArrayBackedSortedColumns$ReverseSortedCollection;1.0;1.0;1.0;1.0;4.0;1.0
org.apache.cassandra.db.ArrayBackedSortedColumns$SlicesIterator;1.0;0.0;1.0;1.0;3.0;0.75
org.apache.cassandra.db.AtomicSortedColumns;1.0;0.0;1.0;0.0;2.0;0.5
org.apache.cassandra.db.AtomicSortedColumns$Holder;1.0;0.0;1.0;1.0;3.0;0.75
org.apache.cassandra.db.BatchlogManager;1.0;0.0;1.0;0.0;2.0;0.5
org.apache.cassandra.db.BlacklistedDirectories;1.0;0.0;1.0;1.0;3.0;0.75
org.apache.cassandra.db.CollationController;1.0;0.0;1.0;1.0;3.0;0.75
org.apache.cassandra.db.Column;1.0;1.0;1.0;0.0;3.0;0.75
org.apache.cassandra.db.ColumnFamily;1.0;1.0;1.0;0.0;3.0;0.75
org.apache.cassandra.db.ColumnFamilyNotDefinedException;1.0;1.0;1.0;1.0;4.0;1.0
org.apache.cassandra.db.ColumnFamilySerializer;1.0;0.0;1.0;0.0;2.0;0.5
org.apache.cassandra.db.ColumnFamilyStore;1.0;1.0;0.0;0.0;2.0;0.5
org.apache.cassandra.db.ColumnFamilyStore$AbstractScanIterator;1.0;1.0;1.0;1.0;4.0;1.0
org.apache.cassandra.db.ColumnFamilyStore$ViewFragment;1.0;1.0;1.0;1.0;4.0;1.0
org.apache.cassandra.db.ColumnIndex;1.0;1.0;1.0;1.0;4.0;1.0
org.apache.cassandra.db.ColumnIndex$Builder;1.0;0.0;1.0;1.0;3.0;0.75
org.apache.cassandra.db.ColumnSerializer;1.0;0.0;1.0;1.0;3.0;0.75
org.apache.cassandra.db.ColumnSerializer$CorruptColumnException;1.0;1.0;1.0;1.0;4.0;1.0
org.apache.cassandra.db.CounterColumn;1.0;1.0;1.0;0.0;3.0;0.75
org.apache.cassandra.db.CounterMutation;1.0;0.0;1.0;0.0;2.0;0.5
org.apache.cassandra.db.CounterMutationSerializer;1.0;1.0;1.0;1.0;4.0;1.0
org.apache.cassandra.db.CounterMutationVerbHandler;1.0;1.0;1.0;1.0;4.0;1.0
org.apache.cassandra.db.CounterUpdateColumn;1.0;0.0;1.0;1.0;3.0;0.75
org.apache.cassandra.db.DataTracker;1.0;1.0;1.0;0.0;3.0;0.75
org.apache.cassandra.db.DataTracker$SSTableIntervalTree;1.0;1.0;1.0;1.0;4.0;1.0
org.apache.cassandra.db.DataTracker$View;1.0;0.0;1.0;1.0;3.0;0.75
org.apache.cassandra.db.DefinitionsUpdateVerbHandler;1.0;1.0;1.0;1.0;4.0;1.0
org.apache.cassandra.db.DefsTable;1.0;1.0;1.0;0.0;3.0;0.75
org.apache.cassandra.db.DeletedColumn;1.0;0.0;1.0;1.0;3.0;0.75
org.apache.cassandra.db.DeletionInfo;1.0;0.0;1.0;0.0;2.0;0.5
org.apache.cassandra.db.DeletionInfo$Serializer;1.0;0.0;1.0;1.0;3.0;0.75
org.apache.cassandra.db.DeletionTime$Serializer;1.0;1.0;1.0;1.0;4.0;1.0
org.apache.cassandra.db.Directories;1.0;1.0;1.0;0.0;3.0;0.75
org.apache.cassandra.db.Directories$DataDirectory;1.0;0.0;1.0;1.0;3.0;0.75
org.apache.cassandra.db.Directories$SSTableLister;1.0;0.0;1.0;1.0;3.0;0.75
org.apache.cassandra.db.ExpiringColumn;1.0;0.0;1.0;0.0;2.0;0.5
org.apache.cassandra.db.HintedHandOffManager;1.0;1.0;1.0;0.0;3.0;0.75
org.apache.cassandra.db.IndexScanCommand;1.0;0.0;1.0;1.0;3.0;0.75
org.apache.cassandra.db.IndexScanCommand$IndexScanCommandSerializer;1.0;1.0;1.0;1.0;4.0;1.0
org.apache.cassandra.db.KeyspaceNotDefinedException;1.0;1.0;1.0;1.0;4.0;1.0
org.apache.cassandra.db.Memtable;1.0;0.0;1.0;0.0;2.0;0.5
org.apache.cassandra.db.Memtable$FlushRunnable;1.0;0.0;1.0;1.0;3.0;0.75
org.apache.cassandra.db.MeteredFlusher;1.0;1.0;1.0;1.0;4.0;1.0
org.apache.cassandra.db.MigrationRequestVerbHandler;1.0;1.0;1.0;1.0;4.0;1.0
org.apache.cassandra.db.OnDiskAtom$Serializer;1.0;0.0;1.0;1.0;3.0;0.75
org.apache.cassandra.db.RangeSliceCommand;1.0;0.0;1.0;1.0;3.0;0.75
org.apache.cassandra.db.RangeSliceCommandSerializer;1.0;1.0;1.0;1.0;4.0;1.0
org.apache.cassandra.db.RangeSliceReply;1.0;0.0;1.0;1.0;3.0;0.75
org.apache.cassandra.db.RangeSliceReply$RangeSliceReplySerializer;1.0;1.0;1.0;1.0;4.0;1.0
org.apache.cassandra.db.RangeTombstone$Serializer;1.0;1.0;1.0;1.0;4.0;1.0
org.apache.cassandra.db.RangeTombstone$Tracker;1.0;0.0;1.0;1.0;3.0;0.75
org.apache.cassandra.db.ReadCommand;1.0;0.0;1.0;0.0;2.0;0.5
org.apache.cassandra.db.ReadCommandSerializer;1.0;0.0;1.0;1.0;3.0;0.75
org.apache.cassandra.db.ReadRepairVerbHandler;1.0;1.0;1.0;1.0;4.0;1.0
org.apache.cassandra.db.ReadResponse;1.0;0.0;1.0;1.0;3.0;0.75
org.apache.cassandra.db.ReadResponseSerializer;1.0;1.0;1.0;1.0;4.0;1.0
org.apache.cassandra.db.ReadVerbHandler;1.0;1.0;1.0;1.0;4.0;1.0
org.apache.cassandra.db.RetriedSliceFromReadCommand;1.0;0.0;1.0;1.0;3.0;0.75
org.apache.cassandra.db.Row;1.0;0.0;1.0;1.0;3.0;0.75
org.apache.cassandra.db.Row$RowSerializer;1.0;0.0;1.0;1.0;3.0;0.75
org.apache.cassandra.db.RowIndexEntry;1.0;0.0;1.0;1.0;3.0;0.75
org.apache.cassandra.db.RowIndexEntry$IndexedEntry;1.0;0.0;1.0;1.0;3.0;0.75
org.apache.cassandra.db.RowIndexEntry$Serializer;1.0;0.0;1.0;1.0;3.0;0.75
org.apache.cassandra.db.RowIteratorFactory;1.0;1.0;1.0;1.0;4.0;1.0
org.apache.cassandra.db.RowIteratorFactory$ConvertToColumnIterator;1.0;0.0;1.0;1.0;3.0;0.75
org.apache.cassandra.db.RowMutation;1.0;1.0;1.0;0.0;3.0;0.75
org.apache.cassandra.db.RowMutation$RowMutationSerializer;1.0;0.0;1.0;1.0;3.0;0.75
org.apache.cassandra.db.RowMutationVerbHandler;1.0;1.0;1.0;1.0;4.0;1.0
org.apache.cassandra.db.RowPosition;1.0;0.0;1.0;1.0;3.0;0.75
org.apache.cassandra.db.RowPosition$RowPositionSerializer;1.0;1.0;1.0;1.0;4.0;1.0
org.apache.cassandra.db.SchemaCheckVerbHandler;1.0;1.0;1.0;1.0;4.0;1.0
org.apache.cassandra.db.SliceByNamesReadCommand;1.0;0.0;1.0;1.0;3.0;0.75
org.apache.cassandra.db.SliceByNamesReadCommandSerializer;1.0;1.0;1.0;1.0;4.0;1.0
org.apache.cassandra.db.SliceFromReadCommand;1.0;0.0;1.0;1.0;3.0;0.75
org.apache.cassandra.db.SliceFromReadCommandSerializer;1.0;1.0;1.0;1.0;4.0;1.0
org.apache.cassandra.db.SliceQueryPager;1.0;0.0;1.0;1.0;3.0;0.75
org.apache.cassandra.db.SnapshotCommand;1.0;0.0;1.0;1.0;3.0;0.75
org.apache.cassandra.db.SnapshotCommandSerializer;1.0;1.0;1.0;1.0;4.0;1.0
org.apache.cassandra.db.SuperColumn;1.0;1.0;1.0;0.0;3.0;0.75
org.apache.cassandra.db.SuperColumnSerializer;1.0;0.0;1.0;1.0;3.0;0.75
org.apache.cassandra.db.SystemTable;1.0;1.0;0.0;0.0;2.0;0.5
org.apache.cassandra.db.Table;1.0;1.0;1.0;0.0;3.0;0.75
org.apache.cassandra.db.ThreadSafeSortedColumns;1.0;0.0;1.0;0.0;2.0;0.5
org.apache.cassandra.db.TreeMapBackedSortedColumns;1.0;0.0;1.0;0.0;2.0;0.5
org.apache.cassandra.db.TruncateResponse;1.0;0.0;1.0;1.0;3.0;0.75
org.apache.cassandra.db.TruncateResponse$TruncateResponseSerializer;1.0;1.0;1.0;1.0;4.0;1.0
org.apache.cassandra.db.TruncateVerbHandler;1.0;1.0;1.0;1.0;4.0;1.0
org.apache.cassandra.db.Truncation;1.0;0.0;1.0;1.0;3.0;0.75
org.apache.cassandra.db.TruncationSerializer;1.0;1.0;1.0;1.0;4.0;1.0
org.apache.cassandra.db.TypeSizes$NativeDBTypeSizes;1.0;0.0;1.0;1.0;3.0;0.75
org.apache.cassandra.db.TypeSizes$VIntEncodedTypeSizes;1.0;0.0;1.0;1.0;3.0;0.75
org.apache.cassandra.db.WriteResponse;1.0;1.0;1.0;1.0;4.0;1.0
org.apache.cassandra.db.WriteResponse$WriteResponseSerializer;1.0;1.0;1.0;1.0;4.0;1.0
org.apache.cassandra.db.columniterator.IdentityQueryFilter;1.0;1.0;1.0;1.0;4.0;1.0
org.apache.cassandra.db.columniterator.IndexedSliceReader;1.0;0.0;1.0;1.0;3.0;0.75
org.apache.cassandra.db.columniterator.IndexedSliceReader$BlockFetcher;1.0;0.0;1.0;1.0;3.0;0.75
org.apache.cassandra.db.columniterator.IndexedSliceReader$IndexedBlockFetcher;1.0;1.0;1.0;1.0;4.0;1.0
org.apache.cassandra.db.columniterator.IndexedSliceReader$SimpleBlockFetcher;1.0;1.0;1.0;1.0;4.0;1.0
org.apache.cassandra.db.columniterator.LazyColumnIterator;1.0;0.0;1.0;1.0;3.0;0.75
org.apache.cassandra.db.columniterator.SSTableNamesIterator;1.0;0.0;1.0;1.0;3.0;0.75
org.apache.cassandra.db.columniterator.SSTableSliceIterator;1.0;0.0;1.0;1.0;3.0;0.75
org.apache.cassandra.db.columniterator.SimpleAbstractColumnIterator;1.0;1.0;1.0;1.0;4.0;1.0
org.apache.cassandra.db.columniterator.SimpleSliceReader;1.0;0.0;1.0;1.0;3.0;0.75
org.apache.cassandra.db.commitlog.AbstractCommitLogExecutorService;1.0;0.0;1.0;1.0;3.0;0.75
org.apache.cassandra.db.commitlog.BatchCommitLogExecutorService;1.0;0.0;1.0;1.0;3.0;0.75
org.apache.cassandra.db.commitlog.BatchCommitLogExecutorService$CheaterFutureTask;1.0;1.0;1.0;1.0;4.0;1.0
org.apache.cassandra.db.commitlog.CommitLog;1.0;0.0;1.0;0.0;2.0;0.5
org.apache.cassandra.db.commitlog.CommitLog$LogRecordAdder;1.0;1.0;1.0;1.0;4.0;1.0
org.apache.cassandra.db.commitlog.CommitLogAllocator;1.0;0.0;1.0;0.0;2.0;0.5
org.apache.cassandra.db.commitlog.CommitLogArchiver;1.0;0.0;1.0;1.0;3.0;0.75
org.apache.cassandra.db.commitlog.CommitLogDescriptor;1.0;0.0;1.0;1.0;3.0;0.75
org.apache.cassandra.db.commitlog.CommitLogReplayer;1.0;0.0;1.0;1.0;3.0;0.75
org.apache.cassandra.db.commitlog.CommitLogSegment;1.0;0.0;1.0;0.0;2.0;0.5
org.apache.cassandra.db.commitlog.CommitLogSegment$CommitLogSegmentFileComparator;1.0;1.0;1.0;1.0;4.0;1.0
org.apache.cassandra.db.commitlog.PeriodicCommitLogExecutorService;1.0;0.0;1.0;1.0;3.0;0.75
org.apache.cassandra.db.commitlog.ReplayPosition;1.0;0.0;1.0;1.0;3.0;0.75
org.apache.cassandra.db.commitlog.ReplayPosition$ReplayPositionSerializer;1.0;1.0;1.0;1.0;4.0;1.0
org.apache.cassandra.db.compaction.AbstractCompactedRow;1.0;0.0;1.0;1.0;3.0;0.75
org.apache.cassandra.db.compaction.AbstractCompactionIterable;1.0;0.0;1.0;1.0;3.0;0.75
org.apache.cassandra.db.compaction.AbstractCompactionStrategy;1.0;0.0;1.0;1.0;3.0;0.75
org.apache.cassandra.db.compaction.AbstractCompactionTask;1.0;0.0;1.0;1.0;3.0;0.75
org.apache.cassandra.db.compaction.CompactionController;1.0;0.0;1.0;1.0;3.0;0.75
org.apache.cassandra.db.compaction.CompactionInfo;1.0;0.0;1.0;1.0;3.0;0.75
org.apache.cassandra.db.compaction.CompactionInterruptedException;1.0;1.0;1.0;1.0;4.0;1.0
org.apache.cassandra.db.compaction.CompactionIterable;1.0;0.0;1.0;1.0;3.0;0.75
org.apache.cassandra.db.compaction.CompactionIterable$Reducer;1.0;1.0;1.0;1.0;4.0;1.0
org.apache.cassandra.db.compaction.CompactionManager;1.0;1.0;1.0;0.0;3.0;0.75
org.apache.cassandra.db.compaction.CompactionManager$BackgroundCompactionTask;1.0;1.0;1.0;1.0;4.0;1.0
org.apache.cassandra.db.compaction.CompactionManager$CleanupInfo;1.0;1.0;1.0;1.0;4.0;1.0
org.apache.cassandra.db.compaction.CompactionManager$CompactionExecutor;1.0;1.0;1.0;1.0;4.0;1.0
org.apache.cassandra.db.compaction.CompactionManager$SimpleFuture;1.0;0.0;1.0;1.0;3.0;0.75
org.apache.cassandra.db.compaction.CompactionManager$ValidationCompactionController;1.0;1.0;1.0;1.0;4.0;1.0
org.apache.cassandra.db.compaction.CompactionManager$ValidationCompactionIterable;1.0;1.0;1.0;1.0;4.0;1.0
org.apache.cassandra.db.compaction.CompactionManager$ValidationExecutor;1.0;1.0;1.0;1.0;4.0;1.0
org.apache.cassandra.db.compaction.CompactionTask;1.0;0.0;1.0;1.0;3.0;0.75
org.apache.cassandra.db.compaction.LazilyCompactedRow;1.0;0.0;1.0;0.0;2.0;0.5
org.apache.cassandra.db.compaction.LazilyCompactedRow$Reducer;1.0;0.0;1.0;1.0;3.0;0.75
org.apache.cassandra.db.compaction.LeveledCompactionStrategy;1.0;0.0;1.0;0.0;2.0;0.5
org.apache.cassandra.db.compaction.LeveledCompactionStrategy$LeveledScanner;1.0;0.0;1.0;1.0;3.0;0.75
org.apache.cassandra.db.compaction.LeveledCompactionTask;1.0;1.0;1.0;1.0;4.0;1.0
org.apache.cassandra.db.compaction.LeveledManifest;1.0;1.0;1.0;0.0;3.0;0.75
org.apache.cassandra.db.compaction.ParallelCompactionIterable;1.0;1.0;1.0;1.0;4.0;1.0
org.apache.cassandra.db.compaction.ParallelCompactionIterable$CompactedRowContainer;1.0;1.0;1.0;1.0;4.0;1.0
org.apache.cassandra.db.compaction.ParallelCompactionIterable$Deserializer;1.0;0.0;1.0;1.0;3.0;0.75
org.apache.cassandra.db.compaction.ParallelCompactionIterable$NotifyingSSTableIdentityIterator;1.0;0.0;1.0;1.0;3.0;0.75
org.apache.cassandra.db.compaction.ParallelCompactionIterable$Reducer;1.0;0.0;1.0;1.0;3.0;0.75
org.apache.cassandra.db.compaction.ParallelCompactionIterable$Reducer$DeserializedColumnIterator;1.0;0.0;1.0;1.0;3.0;0.75
org.apache.cassandra.db.compaction.ParallelCompactionIterable$Reducer$MergeTask;1.0;1.0;1.0;1.0;4.0;1.0
org.apache.cassandra.db.compaction.ParallelCompactionIterable$RowContainer;1.0;0.0;1.0;1.0;3.0;0.75
org.apache.cassandra.db.compaction.ParallelCompactionIterable$Unwrapper;1.0;0.0;1.0;1.0;3.0;0.75
org.apache.cassandra.db.compaction.PrecompactedRow;1.0;0.0;1.0;0.0;2.0;0.5
org.apache.cassandra.db.compaction.Scrubber;1.0;0.0;0.0;1.0;2.0;0.5
org.apache.cassandra.db.compaction.Scrubber$ScrubController;1.0;1.0;1.0;1.0;4.0;1.0
org.apache.cassandra.db.compaction.Scrubber$ScrubInfo;1.0;1.0;1.0;1.0;4.0;1.0
org.apache.cassandra.db.compaction.SizeTieredCompactionStrategy;1.0;0.0;1.0;1.0;3.0;0.75
org.apache.cassandra.db.context.CounterContext;1.0;1.0;1.0;0.0;3.0;0.75
org.apache.cassandra.db.context.CounterContext$ContextState;1.0;0.0;1.0;0.0;2.0;0.5
org.apache.cassandra.db.context.CounterContext$LazyHolder;1.0;1.0;1.0;1.0;4.0;1.0
org.apache.cassandra.db.filter.AbstractColumnIterator;1.0;1.0;1.0;1.0;4.0;1.0
org.apache.cassandra.db.filter.ColumnCounter;1.0;0.0;1.0;1.0;3.0;0.75
org.apache.cassandra.db.filter.ColumnCounter$GroupByPrefix;1.0;0.0;1.0;1.0;3.0;0.75
org.apache.cassandra.db.filter.ColumnSlice;1.0;0.0;1.0;1.0;3.0;0.75
org.apache.cassandra.db.filter.ColumnSlice$NavigableMapIterator;1.0;0.0;1.0;1.0;3.0;0.75
org.apache.cassandra.db.filter.ColumnSlice$Serializer;1.0;1.0;1.0;1.0;4.0;1.0
org.apache.cassandra.db.filter.ExtendedFilter;1.0;0.0;1.0;0.0;2.0;0.5
org.apache.cassandra.db.filter.ExtendedFilter$EmptyClauseFilter;1.0;0.0;1.0;1.0;3.0;0.75
org.apache.cassandra.db.filter.ExtendedFilter$FilterWithClauses;1.0;0.0;1.0;1.0;3.0;0.75
org.apache.cassandra.db.filter.ExtendedFilter$FilterWithCompositeClauses;1.0;1.0;1.0;1.0;4.0;1.0
org.apache.cassandra.db.filter.IDiskAtomFilter$Serializer;1.0;0.0;1.0;1.0;3.0;0.75
org.apache.cassandra.db.filter.NamesQueryFilter;1.0;0.0;1.0;0.0;2.0;0.5
org.apache.cassandra.db.filter.NamesQueryFilter$Serializer;1.0;0.0;1.0;1.0;3.0;0.75
org.apache.cassandra.db.filter.QueryFilter;1.0;0.0;1.0;0.0;2.0;0.5
org.apache.cassandra.db.filter.QueryPath;1.0;0.0;1.0;1.0;3.0;0.75
org.apache.cassandra.db.filter.SliceQueryFilter;1.0;0.0;1.0;0.0;2.0;0.5
org.apache.cassandra.db.filter.SliceQueryFilter$Serializer;1.0;1.0;1.0;1.0;4.0;1.0
org.apache.cassandra.db.index.AbstractSimplePerColumnSecondaryIndex;1.0;0.0;1.0;0.0;2.0;0.5
org.apache.cassandra.db.index.PerColumnSecondaryIndex;1.0;0.0;1.0;1.0;3.0;0.75
org.apache.cassandra.db.index.PerRowSecondaryIndex;1.0;0.0;1.0;1.0;3.0;0.75
org.apache.cassandra.db.index.SecondaryIndex;1.0;0.0;1.0;0.0;2.0;0.5
org.apache.cassandra.db.index.SecondaryIndexBuilder;1.0;0.0;1.0;1.0;3.0;0.75
org.apache.cassandra.db.index.SecondaryIndexManager;1.0;1.0;1.0;0.0;3.0;0.75
org.apache.cassandra.db.index.SecondaryIndexManager$MixedIndexUpdater;1.0;0.0;1.0;1.0;3.0;0.75
org.apache.cassandra.db.index.SecondaryIndexManager$PerColumnIndexUpdater;1.0;0.0;1.0;1.0;3.0;0.75
org.apache.cassandra.db.index.SecondaryIndexSearcher;1.0;0.0;1.0;1.0;3.0;0.75
org.apache.cassandra.db.index.composites.CompositesIndex;1.0;0.0;1.0;1.0;3.0;0.75
org.apache.cassandra.db.index.composites.CompositesSearcher;1.0;1.0;1.0;1.0;4.0;1.0
org.apache.cassandra.db.index.keys.KeysIndex;1.0;0.0;1.0;1.0;3.0;0.75
org.apache.cassandra.db.index.keys.KeysSearcher;1.0;1.0;1.0;1.0;4.0;1.0
org.apache.cassandra.db.marshal.AbstractCommutativeType;1.0;0.0;1.0;1.0;3.0;0.75
org.apache.cassandra.db.marshal.AbstractCompositeType;1.0;1.0;1.0;0.0;3.0;0.75
org.apache.cassandra.db.marshal.AbstractCompositeType$CompositeComponent;1.0;1.0;1.0;1.0;4.0;1.0
org.apache.cassandra.db.marshal.AsciiType;1.0;0.0;1.0;1.0;3.0;0.75
org.apache.cassandra.db.marshal.BooleanType;1.0;0.0;1.0;1.0;3.0;0.75
org.apache.cassandra.db.marshal.BytesType;1.0;0.0;1.0;1.0;3.0;0.75
org.apache.cassandra.db.marshal.CollectionType;1.0;0.0;1.0;0.0;2.0;0.5
org.apache.cassandra.db.marshal.ColumnToCollectionType;1.0;0.0;1.0;0.0;2.0;0.5
org.apache.cassandra.db.marshal.CompositeType;1.0;0.0;1.0;0.0;2.0;0.5
org.apache.cassandra.db.marshal.CompositeType$Builder;1.0;0.0;1.0;1.0;3.0;0.75
org.apache.cassandra.db.marshal.CompositeType$StaticParsedComparator;1.0;0.0;1.0;1.0;3.0;0.75
org.apache.cassandra.db.marshal.CounterColumnType;1.0;0.0;1.0;1.0;3.0;0.75
org.apache.cassandra.db.marshal.DateType;1.0;0.0;1.0;1.0;3.0;0.75
org.apache.cassandra.db.marshal.DecimalType;1.0;0.0;1.0;1.0;3.0;0.75
org.apache.cassandra.db.marshal.DoubleType;1.0;0.0;1.0;1.0;3.0;0.75
org.apache.cassandra.db.marshal.DynamicCompositeType;1.0;0.0;1.0;0.0;2.0;0.5
org.apache.cassandra.db.marshal.DynamicCompositeType$DynamicParsedComparator;1.0;0.0;1.0;1.0;3.0;0.75
org.apache.cassandra.db.marshal.DynamicCompositeType$FixedValueComparator;1.0;0.0;1.0;1.0;3.0;0.75
org.apache.cassandra.db.marshal.EmptyType;1.0;0.0;1.0;1.0;3.0;0.75
org.apache.cassandra.db.marshal.FloatType;1.0;0.0;1.0;1.0;3.0;0.75
org.apache.cassandra.db.marshal.InetAddressType;1.0;0.0;1.0;1.0;3.0;0.75
org.apache.cassandra.db.marshal.Int32Type;1.0;0.0;1.0;1.0;3.0;0.75
org.apache.cassandra.db.marshal.IntegerType;1.0;0.0;1.0;1.0;3.0;0.75
org.apache.cassandra.db.marshal.LexicalUUIDType;1.0;0.0;1.0;1.0;3.0;0.75
org.apache.cassandra.db.marshal.ListType;1.0;0.0;1.0;1.0;3.0;0.75
org.apache.cassandra.db.marshal.LocalByPartionerType;1.0;0.0;1.0;1.0;3.0;0.75
org.apache.cassandra.db.marshal.LongType;1.0;0.0;1.0;1.0;3.0;0.75
org.apache.cassandra.db.marshal.MapType;1.0;0.0;1.0;1.0;3.0;0.75
org.apache.cassandra.db.marshal.MarshalException;1.0;1.0;1.0;1.0;4.0;1.0
org.apache.cassandra.db.marshal.ReversedType;1.0;0.0;1.0;1.0;3.0;0.75
org.apache.cassandra.db.marshal.SetType;1.0;0.0;1.0;1.0;3.0;0.75
org.apache.cassandra.db.marshal.TimeUUIDType;1.0;0.0;1.0;1.0;3.0;0.75
org.apache.cassandra.db.marshal.TypeParser;1.0;1.0;1.0;0.0;3.0;0.75
org.apache.cassandra.db.marshal.UTF8Type$UTF8Validator;1.0;1.0;1.0;1.0;4.0;1.0
org.apache.cassandra.db.marshal.UUIDType;1.0;0.0;1.0;1.0;3.0;0.75
org.apache.cassandra.dht.AbstractBounds;1.0;0.0;1.0;0.0;2.0;0.5
org.apache.cassandra.dht.AbstractBounds$AbstractBoundsSerializer;1.0;0.0;1.0;1.0;3.0;0.75
org.apache.cassandra.dht.AbstractByteOrderedPartitioner;1.0;0.0;1.0;0.0;2.0;0.5
org.apache.cassandra.dht.AbstractPartitioner;1.0;1.0;1.0;1.0;4.0;1.0
org.apache.cassandra.dht.BigIntegerToken;1.0;1.0;1.0;1.0;4.0;1.0
org.apache.cassandra.dht.BootStrapper;1.0;0.0;1.0;1.0;3.0;0.75
org.apache.cassandra.dht.BootStrapper$BootstrapTokenCallback;1.0;0.0;1.0;1.0;3.0;0.75
org.apache.cassandra.dht.BootStrapper$BootstrapTokenVerbHandler;1.0;1.0;1.0;1.0;4.0;1.0
org.apache.cassandra.dht.BootStrapper$StringSerializer;1.0;0.0;1.0;1.0;3.0;0.75
org.apache.cassandra.dht.Bounds;1.0;0.0;1.0;0.0;2.0;0.5
org.apache.cassandra.dht.ByteOrderedPartitioner;1.0;1.0;1.0;1.0;4.0;1.0
org.apache.cassandra.dht.BytesToken;1.0;0.0;1.0;1.0;3.0;0.75
org.apache.cassandra.dht.ExcludingBounds;1.0;0.0;1.0;1.0;3.0;0.75
org.apache.cassandra.dht.IncludingExcludingBounds;1.0;0.0;1.0;1.0;3.0;0.75
org.apache.cassandra.dht.LocalPartitioner;1.0;0.0;1.0;1.0;3.0;0.75
org.apache.cassandra.dht.LocalToken;1.0;0.0;1.0;1.0;3.0;0.75
org.apache.cassandra.dht.LongToken;1.0;1.0;1.0;1.0;4.0;1.0
org.apache.cassandra.dht.Murmur3Partitioner;1.0;0.0;1.0;1.0;3.0;0.75
org.apache.cassandra.dht.OrderPreservingPartitioner;1.0;0.0;1.0;0.0;2.0;0.5
org.apache.cassandra.dht.RandomPartitioner;1.0;0.0;1.0;1.0;3.0;0.75
org.apache.cassandra.dht.RangeStreamer;1.0;0.0;1.0;1.0;3.0;0.75
org.apache.cassandra.dht.RangeStreamer$FailureDetectorSourceFilter;1.0;1.0;1.0;1.0;4.0;1.0
org.apache.cassandra.dht.RangeStreamer$SingleDatacenterFilter;1.0;1.0;1.0;1.0;4.0;1.0
org.apache.cassandra.dht.StringToken;1.0;1.0;1.0;1.0;4.0;1.0
org.apache.cassandra.dht.Token$KeyBound;1.0;0.0;1.0;1.0;3.0;0.75
org.apache.cassandra.dht.Token$TokenSerializer;1.0;1.0;1.0;1.0;4.0;1.0
org.apache.cassandra.exceptions.AlreadyExistsException;1.0;1.0;1.0;1.0;4.0;1.0
org.apache.cassandra.exceptions.CassandraException;1.0;1.0;1.0;1.0;4.0;1.0
org.apache.cassandra.exceptions.IsBootstrappingException;1.0;1.0;1.0;1.0;4.0;1.0
org.apache.cassandra.exceptions.OverloadedException;1.0;1.0;1.0;1.0;4.0;1.0
org.apache.cassandra.exceptions.PreparedQueryNotFoundException;1.0;1.0;1.0;1.0;4.0;1.0
org.apache.cassandra.exceptions.ReadTimeoutException;1.0;1.0;1.0;1.0;4.0;1.0
org.apache.cassandra.exceptions.RequestTimeoutException;1.0;1.0;1.0;1.0;4.0;1.0
org.apache.cassandra.exceptions.TruncateException;1.0;1.0;1.0;1.0;4.0;1.0
org.apache.cassandra.exceptions.UnavailableException;1.0;1.0;1.0;1.0;4.0;1.0
org.apache.cassandra.gms.ArrivalWindow;1.0;0.0;1.0;1.0;3.0;0.75
org.apache.cassandra.gms.EndpointState;1.0;0.0;1.0;1.0;3.0;0.75
org.apache.cassandra.gms.EndpointStateSerializer;1.0;1.0;1.0;1.0;4.0;1.0
org.apache.cassandra.gms.FailureDetector;1.0;0.0;1.0;0.0;2.0;0.5
org.apache.cassandra.gms.GossipDigest;1.0;0.0;1.0;1.0;3.0;0.75
org.apache.cassandra.gms.GossipDigestAck;1.0;0.0;1.0;1.0;3.0;0.75
org.apache.cassandra.gms.GossipDigestAck2;1.0;1.0;1.0;1.0;4.0;1.0
org.apache.cassandra.gms.GossipDigestAck2Serializer;1.0;1.0;1.0;1.0;4.0;1.0
org.apache.cassandra.gms.GossipDigestAck2VerbHandler;1.0;1.0;1.0;1.0;4.0;1.0
org.apache.cassandra.gms.GossipDigestAckSerializer;1.0;1.0;1.0;1.0;4.0;1.0
org.apache.cassandra.gms.GossipDigestAckVerbHandler;1.0;1.0;1.0;1.0;4.0;1.0
org.apache.cassandra.gms.GossipDigestSerializationHelper;1.0;1.0;1.0;1.0;4.0;1.0
org.apache.cassandra.gms.GossipDigestSerializer;1.0;1.0;1.0;1.0;4.0;1.0
org.apache.cassandra.gms.GossipDigestSyn;1.0;0.0;1.0;1.0;3.0;0.75
org.apache.cassandra.gms.GossipDigestSynSerializer;1.0;1.0;1.0;1.0;4.0;1.0
org.apache.cassandra.gms.GossipDigestSynVerbHandler;1.0;1.0;1.0;1.0;4.0;1.0
org.apache.cassandra.gms.GossipShutdownVerbHandler;1.0;1.0;1.0;1.0;4.0;1.0
org.apache.cassandra.gms.Gossiper;1.0;1.0;0.0;0.0;2.0;0.5
org.apache.cassandra.gms.Gossiper$GossipTask;1.0;1.0;1.0;1.0;4.0;1.0
org.apache.cassandra.gms.HeartBeatState;1.0;0.0;1.0;1.0;3.0;0.75
org.apache.cassandra.gms.HeartBeatStateSerializer;1.0;1.0;1.0;1.0;4.0;1.0
org.apache.cassandra.gms.PureRandom;1.0;0.0;1.0;1.0;3.0;0.75
org.apache.cassandra.gms.TokenSerializer;1.0;0.0;1.0;1.0;3.0;0.75
org.apache.cassandra.gms.VersionGenerator;1.0;1.0;1.0;1.0;4.0;1.0
org.apache.cassandra.gms.VersionedValue;1.0;0.0;1.0;1.0;3.0;0.75
org.apache.cassandra.gms.VersionedValue$VersionedValueFactory;1.0;0.0;1.0;0.0;2.0;0.5
org.apache.cassandra.gms.VersionedValue$VersionedValueSerializer;1.0;0.0;1.0;1.0;3.0;0.75
org.apache.cassandra.hadoop.BulkOutputFormat;1.0;0.0;1.0;1.0;3.0;0.75
org.apache.cassandra.hadoop.BulkOutputFormat$NullOutputCommitter;1.0;0.0;1.0;1.0;3.0;0.75
org.apache.cassandra.hadoop.BulkRecordWriter;1.0;0.0;1.0;1.0;3.0;0.75
org.apache.cassandra.hadoop.BulkRecordWriter$ExternalClient;1.0;0.0;1.0;1.0;3.0;0.75
org.apache.cassandra.hadoop.BulkRecordWriter$NullOutputHandler;1.0;0.0;1.0;1.0;3.0;0.75
org.apache.cassandra.hadoop.ColumnFamilyInputFormat;1.0;0.0;1.0;1.0;3.0;0.75
org.apache.cassandra.hadoop.ColumnFamilyInputFormat$SplitCallable;1.0;1.0;1.0;1.0;4.0;1.0
org.apache.cassandra.hadoop.ColumnFamilyOutputFormat;1.0;0.0;1.0;1.0;3.0;0.75
org.apache.cassandra.hadoop.ColumnFamilyOutputFormat$NullOutputCommitter;1.0;0.0;1.0;1.0;3.0;0.75
org.apache.cassandra.hadoop.ColumnFamilyRecordReader;1.0;0.0;0.0;0.0;1.0;0.25
org.apache.cassandra.hadoop.ColumnFamilyRecordReader$RowIterator;1.0;0.0;1.0;1.0;3.0;0.75
org.apache.cassandra.hadoop.ColumnFamilyRecordReader$StaticRowIterator;1.0;1.0;1.0;1.0;4.0;1.0
org.apache.cassandra.hadoop.ColumnFamilyRecordReader$WideRowIterator;1.0;0.0;1.0;1.0;3.0;0.75
org.apache.cassandra.hadoop.ColumnFamilyRecordReader$WideRowIterator$WideColumnIterator;1.0;0.0;1.0;1.0;3.0;0.75
org.apache.cassandra.hadoop.ColumnFamilyRecordWriter;1.0;0.0;1.0;1.0;3.0;0.75
org.apache.cassandra.hadoop.ColumnFamilyRecordWriter$RangeClient;1.0;0.0;1.0;1.0;3.0;0.75
org.apache.cassandra.hadoop.ColumnFamilySplit;1.0;0.0;1.0;1.0;3.0;0.75
org.apache.cassandra.hadoop.ConfigHelper;1.0;0.0;0.0;0.0;1.0;0.25
org.apache.cassandra.hadoop.Progressable;1.0;1.0;1.0;1.0;4.0;1.0
org.apache.cassandra.hadoop.pig.CassandraStorage;1.0;1.0;0.0;0.0;2.0;0.5
org.apache.cassandra.io.compress.CompressedRandomAccessReader;1.0;0.0;1.0;1.0;3.0;0.75
org.apache.cassandra.io.compress.CompressedSequentialWriter;1.0;0.0;1.0;1.0;3.0;0.75
org.apache.cassandra.io.compress.CompressedSequentialWriter$CompressedFileWriterMark;1.0;0.0;1.0;1.0;3.0;0.75
org.apache.cassandra.io.compress.CompressionMetadata;1.0;0.0;1.0;1.0;3.0;0.75
org.apache.cassandra.io.compress.CompressionMetadata$Chunk;1.0;0.0;1.0;1.0;3.0;0.75
org.apache.cassandra.io.compress.CompressionMetadata$ChunkSerializer;1.0;1.0;1.0;1.0;4.0;1.0
org.apache.cassandra.io.compress.CompressionMetadata$Writer;1.0;0.0;1.0;1.0;3.0;0.75
org.apache.cassandra.io.compress.CompressionParameters;1.0;0.0;1.0;0.0;2.0;0.5
org.apache.cassandra.io.compress.CompressionParameters$Serializer;1.0;1.0;1.0;1.0;4.0;1.0
org.apache.cassandra.io.compress.CorruptBlockException;1.0;1.0;1.0;1.0;4.0;1.0
org.apache.cassandra.io.compress.DeflateCompressor;1.0;0.0;1.0;1.0;3.0;0.75
org.apache.cassandra.io.compress.ICompressor$WrappedArray;1.0;1.0;1.0;1.0;4.0;1.0
org.apache.cassandra.io.compress.SnappyCompressor;1.0;0.0;1.0;1.0;3.0;0.75
org.apache.cassandra.io.sstable.AbstractSSTableSimpleWriter;1.0;0.0;1.0;0.0;2.0;0.5
org.apache.cassandra.io.sstable.BloomFilterTracker;1.0;0.0;1.0;1.0;3.0;0.75
org.apache.cassandra.io.sstable.ColumnStats;1.0;1.0;1.0;1.0;4.0;1.0
org.apache.cassandra.io.sstable.Component;1.0;0.0;1.0;1.0;3.0;0.75
org.apache.cassandra.io.sstable.Descriptor$Version;1.0;0.0;0.0;1.0;2.0;0.5
org.apache.cassandra.io.sstable.IndexHelper;1.0;0.0;1.0;1.0;3.0;0.75
org.apache.cassandra.io.sstable.IndexHelper$IndexInfo;1.0;0.0;1.0;1.0;3.0;0.75
org.apache.cassandra.io.sstable.IndexSummary;1.0;0.0;1.0;1.0;3.0;0.75
org.apache.cassandra.io.sstable.IndexSummary$IndexSummarySerializer;1.0;1.0;1.0;1.0;4.0;1.0
org.apache.cassandra.io.sstable.KeyIterator;1.0;0.0;1.0;1.0;3.0;0.75
org.apache.cassandra.io.sstable.ReducingKeyIterator;1.0;0.0;1.0;1.0;3.0;0.75
org.apache.cassandra.io.sstable.SSTable;1.0;0.0;0.0;0.0;1.0;0.25
org.apache.cassandra.io.sstable.SSTableBoundedScanner;1.0;0.0;1.0;1.0;3.0;0.75
org.apache.cassandra.io.sstable.SSTableBoundedScanner$BoundedKeyScanningIterator;1.0;1.0;1.0;1.0;4.0;1.0
org.apache.cassandra.io.sstable.SSTableDeletingTask;1.0;0.0;1.0;1.0;3.0;0.75
org.apache.cassandra.io.sstable.SSTableIdentityIterator;1.0;0.0;1.0;0.0;2.0;0.5
org.apache.cassandra.io.sstable.SSTableLoader;1.0;0.0;1.0;1.0;3.0;0.75
org.apache.cassandra.io.sstable.SSTableLoader$Client;1.0;0.0;1.0;1.0;3.0;0.75
org.apache.cassandra.io.sstable.SSTableLoader$CountDownCallback;1.0;0.0;1.0;1.0;3.0;0.75
org.apache.cassandra.io.sstable.SSTableLoader$LoaderFuture;1.0;0.0;1.0;1.0;3.0;0.75
org.apache.cassandra.io.sstable.SSTableMetadata;1.0;0.0;1.0;1.0;3.0;0.75
org.apache.cassandra.io.sstable.SSTableMetadata$Collector;1.0;0.0;1.0;0.0;2.0;0.5
org.apache.cassandra.io.sstable.SSTableMetadata$SSTableMetadataSerializer;1.0;0.0;1.0;1.0;3.0;0.75
org.apache.cassandra.io.sstable.SSTableReader;1.0;1.0;1.0;0.0;3.0;0.75
org.apache.cassandra.io.sstable.SSTableReader$Operator;1.0;0.0;1.0;1.0;3.0;0.75
org.apache.cassandra.io.sstable.SSTableReader$Operator$Equals;1.0;1.0;1.0;1.0;4.0;1.0
org.apache.cassandra.io.sstable.SSTableReader$Operator$GreaterThan;1.0;1.0;1.0;1.0;4.0;1.0
org.apache.cassandra.io.sstable.SSTableReader$Operator$GreaterThanOrEqualTo;1.0;1.0;1.0;1.0;4.0;1.0
org.apache.cassandra.io.sstable.SSTableScanner;1.0;0.0;1.0;1.0;3.0;0.75
org.apache.cassandra.io.sstable.SSTableScanner$FilteredKeyScanningIterator;1.0;0.0;1.0;1.0;3.0;0.75
org.apache.cassandra.io.sstable.SSTableScanner$KeyScanningIterator;1.0;0.0;1.0;1.0;3.0;0.75
org.apache.cassandra.io.sstable.SSTableSimpleUnsortedWriter;1.0;0.0;1.0;1.0;3.0;0.75
org.apache.cassandra.io.sstable.SSTableSimpleUnsortedWriter$Buffer;1.0;1.0;1.0;1.0;4.0;1.0
org.apache.cassandra.io.sstable.SSTableSimpleUnsortedWriter$DiskWriter;1.0;1.0;1.0;1.0;4.0;1.0
org.apache.cassandra.io.sstable.SSTableSimpleWriter;1.0;0.0;1.0;1.0;3.0;0.75
org.apache.cassandra.io.sstable.SSTableWriter;1.0;0.0;1.0;0.0;2.0;0.5
org.apache.cassandra.io.sstable.SSTableWriter$IndexWriter;1.0;0.0;1.0;1.0;3.0;0.75
org.apache.cassandra.io.util.AbstractDataInput;1.0;0.0;1.0;0.0;2.0;0.5
org.apache.cassandra.io.util.AbstractDataOutput;1.0;0.0;1.0;0.0;2.0;0.5
org.apache.cassandra.io.util.BufferedSegmentedFile;1.0;1.0;1.0;1.0;4.0;1.0
org.apache.cassandra.io.util.BufferedSegmentedFile$Builder;1.0;1.0;1.0;1.0;4.0;1.0
org.apache.cassandra.io.util.ColumnIterator;1.0;0.0;1.0;1.0;3.0;0.75
org.apache.cassandra.io.util.ColumnSet;1.0;0.0;1.0;0.0;2.0;0.5
org.apache.cassandra.io.util.ColumnSortedMap;1.0;0.0;1.0;0.0;2.0;0.5
org.apache.cassandra.io.util.CompressedSegmentedFile;1.0;1.0;1.0;1.0;4.0;1.0
org.apache.cassandra.io.util.CompressedSegmentedFile$Builder;1.0;1.0;1.0;1.0;4.0;1.0
org.apache.cassandra.io.util.DataOutputBuffer;1.0;0.0;1.0;1.0;3.0;0.75
org.apache.cassandra.io.util.DiskAwareRunnable;1.0;0.0;1.0;1.0;3.0;0.75
org.apache.cassandra.io.util.FastByteArrayInputStream;1.0;0.0;1.0;1.0;3.0;0.75
org.apache.cassandra.io.util.FastByteArrayOutputStream;1.0;0.0;1.0;0.0;2.0;0.5
org.apache.cassandra.io.util.FileUtils;1.0;0.0;1.0;0.0;2.0;0.5
org.apache.cassandra.io.util.MappedFileDataInput;1.0;0.0;1.0;0.0;2.0;0.5
org.apache.cassandra.io.util.MappedFileDataInput$MappedFileDataInputMark;1.0;1.0;1.0;1.0;4.0;1.0
org.apache.cassandra.io.util.Memory;1.0;0.0;1.0;0.0;2.0;0.5
org.apache.cassandra.io.util.MemoryInputStream;1.0;0.0;1.0;1.0;3.0;0.75
org.apache.cassandra.io.util.MemoryOutputStream;1.0;0.0;1.0;1.0;3.0;0.75
org.apache.cassandra.io.util.MmappedSegmentedFile;1.0;0.0;1.0;1.0;3.0;0.75
org.apache.cassandra.io.util.MmappedSegmentedFile$Builder;1.0;0.0;1.0;1.0;3.0;0.75
org.apache.cassandra.io.util.RandomAccessReader;1.0;0.0;1.0;0.0;2.0;0.5
org.apache.cassandra.io.util.RandomAccessReader$BufferedRandomAccessFileMark;1.0;1.0;1.0;1.0;4.0;1.0
org.apache.cassandra.io.util.SegmentedFile;1.0;0.0;1.0;1.0;3.0;0.75
org.apache.cassandra.io.util.SegmentedFile$Builder;1.0;0.0;1.0;1.0;3.0;0.75
org.apache.cassandra.io.util.SegmentedFile$Segment;1.0;1.0;1.0;1.0;4.0;1.0
org.apache.cassandra.io.util.SegmentedFile$SegmentIterator;1.0;0.0;1.0;1.0;3.0;0.75
org.apache.cassandra.io.util.SequentialWriter;1.0;0.0;0.0;0.0;1.0;0.25
org.apache.cassandra.io.util.SequentialWriter$BufferedFileWriterMark;1.0;1.0;1.0;1.0;4.0;1.0
org.apache.cassandra.locator.AbstractEndpointSnitch;1.0;0.0;1.0;1.0;3.0;0.75
org.apache.cassandra.locator.AbstractNetworkTopologySnitch;1.0;1.0;1.0;1.0;4.0;1.0
org.apache.cassandra.locator.AbstractReplicationStrategy;1.0;0.0;1.0;0.0;2.0;0.5
org.apache.cassandra.locator.DynamicEndpointSnitch;1.0;0.0;1.0;0.0;2.0;0.5
org.apache.cassandra.locator.Ec2MultiRegionSnitch;1.0;0.0;1.0;1.0;3.0;0.75
org.apache.cassandra.locator.Ec2Snitch;1.0;0.0;1.0;1.0;3.0;0.75
org.apache.cassandra.locator.EndpointSnitchInfo;1.0;1.0;1.0;1.0;4.0;1.0
org.apache.cassandra.locator.GossipingPropertyFileSnitch;1.0;0.0;1.0;1.0;3.0;0.75
org.apache.cassandra.locator.LocalStrategy;1.0;0.0;1.0;1.0;3.0;0.75
org.apache.cassandra.locator.NetworkTopologyStrategy;1.0;0.0;1.0;1.0;3.0;0.75
org.apache.cassandra.locator.OldNetworkTopologyStrategy;1.0;1.0;1.0;1.0;4.0;1.0
org.apache.cassandra.locator.PropertyFileSnitch;1.0;0.0;1.0;1.0;3.0;0.75
org.apache.cassandra.locator.RackInferringSnitch;1.0;1.0;1.0;1.0;4.0;1.0
org.apache.cassandra.locator.SimpleSeedProvider;1.0;0.0;1.0;1.0;3.0;0.75
org.apache.cassandra.locator.SimpleSnitch;1.0;0.0;1.0;1.0;3.0;0.75
org.apache.cassandra.locator.SimpleStrategy;1.0;1.0;1.0;1.0;4.0;1.0
org.apache.cassandra.locator.TokenMetadata;1.0;1.0;1.0;0.0;3.0;0.75
org.apache.cassandra.locator.TokenMetadata$Topology;1.0;0.0;1.0;1.0;3.0;0.75
org.apache.cassandra.metrics.CacheMetrics;1.0;0.0;1.0;1.0;3.0;0.75
org.apache.cassandra.metrics.ClientRequestMetrics;1.0;0.0;1.0;1.0;3.0;0.75
org.apache.cassandra.metrics.ColumnFamilyMetrics;1.0;0.0;0.0;1.0;2.0;0.5
org.apache.cassandra.metrics.ColumnFamilyMetrics$ColumnFamilyMetricNameFactory;1.0;0.0;1.0;1.0;3.0;0.75
org.apache.cassandra.metrics.CommitLogMetrics;1.0;0.0;1.0;1.0;3.0;0.75
org.apache.cassandra.metrics.CompactionMetrics;1.0;0.0;1.0;1.0;3.0;0.75
org.apache.cassandra.metrics.ConnectionMetrics;1.0;0.0;1.0;1.0;3.0;0.75
org.apache.cassandra.metrics.DroppedMessageMetrics;1.0;0.0;1.0;1.0;3.0;0.75
org.apache.cassandra.metrics.LatencyMetrics;1.0;0.0;1.0;1.0;3.0;0.75
org.apache.cassandra.metrics.LatencyMetrics$LatencyMetricNameFactory;1.0;0.0;1.0;1.0;3.0;0.75
org.apache.cassandra.metrics.StorageMetrics;1.0;1.0;1.0;1.0;4.0;1.0
org.apache.cassandra.metrics.StreamingMetrics;1.0;0.0;1.0;1.0;3.0;0.75
org.apache.cassandra.metrics.ThreadPoolMetrics;1.0;0.0;1.0;1.0;3.0;0.75
org.apache.cassandra.metrics.ThreadPoolMetrics$ThreadPoolMetricNameFactory;1.0;1.0;1.0;1.0;4.0;1.0
org.apache.cassandra.net.AsyncResult;1.0;0.0;1.0;1.0;3.0;0.75
org.apache.cassandra.net.CallbackInfo;1.0;0.0;1.0;1.0;3.0;0.75
org.apache.cassandra.net.CompactEndpointSerializationHelper;1.0;1.0;1.0;1.0;4.0;1.0
org.apache.cassandra.net.HeaderTypes;1.0;1.0;1.0;1.0;4.0;1.0
org.apache.cassandra.net.IncomingTcpConnection;1.0;0.0;1.0;1.0;3.0;0.75
org.apache.cassandra.net.MessageDeliveryTask;1.0;0.0;1.0;1.0;3.0;0.75
org.apache.cassandra.net.MessageIn;1.0;0.0;1.0;1.0;3.0;0.75
org.apache.cassandra.net.MessageOut;1.0;0.0;1.0;1.0;3.0;0.75
org.apache.cassandra.net.MessagingService;1.0;1.0;0.0;0.0;2.0;0.5
org.apache.cassandra.net.MessagingService$CallbackDeterminedSerializer;1.0;0.0;1.0;1.0;3.0;0.75
org.apache.cassandra.net.MessagingService$MSHandle;1.0;1.0;1.0;1.0;4.0;1.0
org.apache.cassandra.net.MessagingService$SocketThread;1.0;1.0;1.0;1.0;4.0;1.0
org.apache.cassandra.net.OutboundTcpConnection;1.0;0.0;1.0;0.0;2.0;0.5
org.apache.cassandra.net.OutboundTcpConnection$QueuedMessage;1.0;1.0;1.0;1.0;4.0;1.0
org.apache.cassandra.net.OutboundTcpConnectionPool;1.0;0.0;1.0;0.0;2.0;0.5
org.apache.cassandra.net.ResponseVerbHandler;1.0;1.0;1.0;1.0;4.0;1.0
org.apache.cassandra.net.sink.SinkManager;1.0;0.0;1.0;1.0;3.0;0.75
org.apache.cassandra.notifications.SSTableAddedNotification;1.0;1.0;1.0;1.0;4.0;1.0
org.apache.cassandra.notifications.SSTableListChangedNotification;1.0;1.0;1.0;1.0;4.0;1.0
org.apache.cassandra.scheduler.NoScheduler;1.0;1.0;1.0;1.0;4.0;1.0
org.apache.cassandra.scheduler.RoundRobinScheduler;1.0;0.0;1.0;1.0;3.0;0.75
org.apache.cassandra.scheduler.WeightedQueue;1.0;0.0;1.0;1.0;3.0;0.75
org.apache.cassandra.scheduler.WeightedQueue$Entry;1.0;1.0;1.0;1.0;4.0;1.0
org.apache.cassandra.security.SSLFactory;1.0;0.0;1.0;1.0;3.0;0.75
org.apache.cassandra.service.AbstractRowResolver;1.0;0.0;1.0;1.0;3.0;0.75
org.apache.cassandra.service.AbstractWriteResponseHandler;1.0;0.0;1.0;1.0;3.0;0.75
org.apache.cassandra.service.AntiEntropyService;1.0;0.0;1.0;1.0;3.0;0.75
org.apache.cassandra.service.AntiEntropyService$CFPair;1.0;1.0;1.0;1.0;4.0;1.0
org.apache.cassandra.service.AntiEntropyService$RepairFuture;1.0;1.0;1.0;1.0;4.0;1.0
org.apache.cassandra.service.AntiEntropyService$RepairSession;1.0;0.0;1.0;0.0;2.0;0.5
org.apache.cassandra.service.AntiEntropyService$RepairSession$Differencer;1.0;0.0;1.0;1.0;3.0;0.75
org.apache.cassandra.service.AntiEntropyService$RepairSession$RepairJob;1.0;0.0;1.0;1.0;3.0;0.75
org.apache.cassandra.service.AntiEntropyService$RequestCoordinator;1.0;0.0;1.0;1.0;3.0;0.75
org.apache.cassandra.service.AntiEntropyService$RequestCoordinator$Order;1.0;0.0;1.0;1.0;3.0;0.75
org.apache.cassandra.service.AntiEntropyService$RequestCoordinator$ParallelOrder;1.0;0.0;1.0;1.0;3.0;0.75
org.apache.cassandra.service.AntiEntropyService$RequestCoordinator$SequentialOrder;1.0;0.0;1.0;1.0;3.0;0.75
org.apache.cassandra.service.AntiEntropyService$TreeRequest;1.0;0.0;1.0;1.0;3.0;0.75
org.apache.cassandra.service.AntiEntropyService$TreeRequest$TreeRequestSerializer;1.0;1.0;1.0;1.0;4.0;1.0
org.apache.cassandra.service.AntiEntropyService$TreeRequestVerbHandler;1.0;1.0;1.0;1.0;4.0;1.0
org.apache.cassandra.service.AntiEntropyService$TreeResponse;1.0;1.0;1.0;1.0;4.0;1.0
org.apache.cassandra.service.AntiEntropyService$TreeResponseVerbHandler;1.0;1.0;1.0;1.0;4.0;1.0
org.apache.cassandra.service.AntiEntropyService$Validator;1.0;0.0;1.0;1.0;3.0;0.75
org.apache.cassandra.service.AntiEntropyService$Validator$ValidatorSerializer;1.0;1.0;1.0;1.0;4.0;1.0
org.apache.cassandra.service.AsyncRepairCallback;1.0;0.0;1.0;1.0;3.0;0.75
org.apache.cassandra.service.CacheService;1.0;0.0;1.0;0.0;2.0;0.5
org.apache.cassandra.service.CacheService$KeyCacheSerializer;1.0;0.0;1.0;1.0;3.0;0.75
org.apache.cassandra.service.CacheService$RowCacheSerializer;1.0;1.0;1.0;1.0;4.0;1.0
org.apache.cassandra.service.CassandraDaemon;1.0;1.0;1.0;1.0;4.0;1.0
org.apache.cassandra.service.ClientState;1.0;0.0;1.0;0.0;2.0;0.5
org.apache.cassandra.service.DatacenterReadCallback;1.0;0.0;1.0;1.0;3.0;0.75
org.apache.cassandra.service.DatacenterSyncWriteResponseHandler;1.0;0.0;1.0;1.0;3.0;0.75
org.apache.cassandra.service.DatacenterWriteResponseHandler;1.0;0.0;1.0;1.0;3.0;0.75
org.apache.cassandra.service.DigestMismatchException;1.0;1.0;1.0;1.0;4.0;1.0
org.apache.cassandra.service.EmbeddedCassandraService;1.0;1.0;1.0;1.0;4.0;1.0
org.apache.cassandra.service.GCInspector;1.0;0.0;1.0;1.0;3.0;0.75
org.apache.cassandra.service.IndexScanVerbHandler;1.0;1.0;1.0;1.0;4.0;1.0
org.apache.cassandra.service.LoadBroadcaster;1.0;0.0;1.0;1.0;3.0;0.75
org.apache.cassandra.service.MigrationManager;1.0;0.0;1.0;0.0;2.0;0.5
org.apache.cassandra.service.MigrationManager$MigrationsSerializer;1.0;0.0;1.0;1.0;3.0;0.75
org.apache.cassandra.service.MigrationTask;1.0;1.0;1.0;1.0;4.0;1.0
org.apache.cassandra.service.PBSPredictionResult;1.0;0.0;1.0;0.0;2.0;0.5
org.apache.cassandra.service.PBSPredictor;1.0;1.0;1.0;0.0;3.0;0.75
org.apache.cassandra.service.PBSPredictor$MessageLatencyCollection;1.0;0.0;1.0;1.0;3.0;0.75
org.apache.cassandra.service.RangeSliceResponseResolver;1.0;0.0;1.0;1.0;3.0;0.75
org.apache.cassandra.service.RangeSliceResponseResolver$Reducer;1.0;0.0;1.0;1.0;3.0;0.75
org.apache.cassandra.service.RangeSliceResponseResolver$RowIterator;1.0;0.0;1.0;1.0;3.0;0.75
org.apache.cassandra.service.RangeSliceVerbHandler;1.0;1.0;1.0;1.0;4.0;1.0
org.apache.cassandra.service.RangeTransfer;1.0;1.0;1.0;1.0;4.0;1.0
org.apache.cassandra.service.RangeTransferThreadFactory;1.0;1.0;1.0;1.0;4.0;1.0
org.apache.cassandra.service.ReadCallback;1.0;0.0;1.0;1.0;3.0;0.75
org.apache.cassandra.service.ReadCallback$AsyncRepairRunner;1.0;1.0;1.0;1.0;4.0;1.0
org.apache.cassandra.service.RepairCallback;1.0;0.0;1.0;1.0;3.0;0.75
org.apache.cassandra.service.RowDigestResolver;1.0;1.0;1.0;1.0;4.0;1.0
org.apache.cassandra.service.RowRepairResolver;1.0;0.0;1.0;1.0;3.0;0.75
org.apache.cassandra.service.ScheduledRangeTransferExecutorService;1.0;0.0;1.0;1.0;3.0;0.75
org.apache.cassandra.service.SnapshotVerbHandler;1.0;1.0;1.0;1.0;4.0;1.0
org.apache.cassandra.service.StorageProxy;1.0;1.0;1.0;0.0;3.0;0.75
org.apache.cassandra.service.StorageProxy$DroppableRunnable;1.0;0.0;1.0;1.0;3.0;0.75
org.apache.cassandra.service.StorageProxy$LocalRangeSliceRunnable;1.0;0.0;1.0;1.0;3.0;0.75
org.apache.cassandra.service.StorageProxy$LocalReadRunnable;1.0;0.0;1.0;1.0;3.0;0.75
org.apache.cassandra.service.StorageProxy$WriteResponseHandlerWrapper;1.0;1.0;1.0;1.0;4.0;1.0
org.apache.cassandra.service.StorageService;1.0;1.0;0.0;0.0;2.0;0.5
org.apache.cassandra.service.StorageService$RangeRelocator;1.0;0.0;1.0;1.0;3.0;0.75
org.apache.cassandra.service.TruncateResponseHandler;1.0;0.0;1.0;1.0;3.0;0.75
org.apache.cassandra.service.WriteResponseHandler;1.0;0.0;1.0;1.0;3.0;0.75
org.apache.cassandra.streaming.AbstractStreamSession;1.0;0.0;1.0;0.0;2.0;0.5
org.apache.cassandra.streaming.FileStreamTask;1.0;0.0;1.0;1.0;3.0;0.75
org.apache.cassandra.streaming.IncomingStreamReader;1.0;0.0;1.0;1.0;3.0;0.75
org.apache.cassandra.streaming.PendingFile;1.0;0.0;1.0;1.0;3.0;0.75
org.apache.cassandra.streaming.PendingFile$PendingFileSerializer;1.0;1.0;1.0;1.0;4.0;1.0
org.apache.cassandra.streaming.ReplicationFinishedVerbHandler;1.0;1.0;1.0;1.0;4.0;1.0
org.apache.cassandra.streaming.StreamHeader;1.0;0.0;1.0;1.0;3.0;0.75
org.apache.cassandra.streaming.StreamHeader$StreamHeaderSerializer;1.0;1.0;1.0;1.0;4.0;1.0
org.apache.cassandra.streaming.StreamIn;1.0;0.0;1.0;1.0;3.0;0.75
org.apache.cassandra.streaming.StreamInSession;1.0;0.0;1.0;0.0;2.0;0.5
org.apache.cassandra.streaming.StreamOut;1.0;0.0;1.0;1.0;3.0;0.75
org.apache.cassandra.streaming.StreamOutSession;1.0;0.0;1.0;0.0;2.0;0.5
org.apache.cassandra.streaming.StreamReply;1.0;0.0;1.0;1.0;3.0;0.75
org.apache.cassandra.streaming.StreamReply$FileStatusSerializer;1.0;1.0;1.0;1.0;4.0;1.0
org.apache.cassandra.streaming.StreamReplyVerbHandler;1.0;1.0;1.0;1.0;4.0;1.0
org.apache.cassandra.streaming.StreamRequest;1.0;0.0;1.0;1.0;3.0;0.75
org.apache.cassandra.streaming.StreamRequest$StreamRequestSerializer;1.0;1.0;1.0;1.0;4.0;1.0
org.apache.cassandra.streaming.StreamRequestVerbHandler;1.0;1.0;1.0;1.0;4.0;1.0
org.apache.cassandra.streaming.StreamingRepairTask;1.0;0.0;1.0;1.0;3.0;0.75
org.apache.cassandra.streaming.StreamingRepairTask$StreamingRepairRequest;1.0;1.0;1.0;1.0;4.0;1.0
org.apache.cassandra.streaming.StreamingRepairTask$StreamingRepairResponse;1.0;1.0;1.0;1.0;4.0;1.0
org.apache.cassandra.streaming.StreamingRepairTask$StreamingRepairTaskSerializer;1.0;1.0;1.0;1.0;4.0;1.0
org.apache.cassandra.streaming.StreamingService;1.0;0.0;1.0;1.0;3.0;0.75
org.apache.cassandra.streaming.compress.CompressedFileStreamTask;1.0;0.0;1.0;1.0;3.0;0.75
org.apache.cassandra.streaming.compress.CompressedInputStream;1.0;0.0;1.0;1.0;3.0;0.75
org.apache.cassandra.streaming.compress.CompressedInputStream$Reader;1.0;0.0;1.0;1.0;3.0;0.75
org.apache.cassandra.streaming.compress.CompressionInfo;1.0;1.0;1.0;1.0;4.0;1.0
org.apache.cassandra.streaming.compress.CompressionInfo$CompressionInfoSerializer;1.0;1.0;1.0;1.0;4.0;1.0
org.apache.cassandra.thrift.CassandraServer;1.0;1.0;1.0;0.0;3.0;0.75
org.apache.cassandra.thrift.CustomTHsHaServer;1.0;0.0;1.0;1.0;3.0;0.75
org.apache.cassandra.thrift.CustomTHsHaServer$Factory;1.0;1.0;1.0;1.0;4.0;1.0
org.apache.cassandra.thrift.CustomTHsHaServer$Invocation;1.0;1.0;1.0;1.0;4.0;1.0
org.apache.cassandra.thrift.CustomTHsHaServer$SelectorThread;1.0;0.0;1.0;1.0;3.0;0.75
org.apache.cassandra.thrift.CustomTNonBlockingServer;1.0;1.0;1.0;1.0;4.0;1.0
org.apache.cassandra.thrift.CustomTNonBlockingServer$Factory;1.0;1.0;1.0;1.0;4.0;1.0
org.apache.cassandra.thrift.CustomTThreadPoolServer;1.0;0.0;1.0;1.0;3.0;0.75
org.apache.cassandra.thrift.CustomTThreadPoolServer$Factory;1.0;1.0;1.0;1.0;4.0;1.0
org.apache.cassandra.thrift.CustomTThreadPoolServer$WorkerProcess;1.0;1.0;1.0;1.0;4.0;1.0
org.apache.cassandra.thrift.TBinaryProtocol;1.0;1.0;1.0;1.0;4.0;1.0
org.apache.cassandra.thrift.TBinaryProtocol$Factory;1.0;1.0;1.0;1.0;4.0;1.0
org.apache.cassandra.thrift.TCustomNonblockingServerSocket;1.0;0.0;1.0;1.0;3.0;0.75
org.apache.cassandra.thrift.TCustomServerSocket;1.0;0.0;1.0;1.0;3.0;0.75
org.apache.cassandra.thrift.TCustomSocket;1.0;0.0;1.0;1.0;3.0;0.75
org.apache.cassandra.thrift.TFramedTransportFactory;1.0;1.0;1.0;1.0;4.0;1.0
org.apache.cassandra.thrift.TServerCustomFactory;1.0;1.0;1.0;1.0;4.0;1.0
org.apache.cassandra.thrift.TServerFactory$Args;1.0;0.0;1.0;1.0;3.0;0.75
org.apache.cassandra.thrift.ThriftClientState;1.0;0.0;1.0;1.0;3.0;0.75
org.apache.cassandra.thrift.ThriftConversion;1.0;0.0;1.0;1.0;3.0;0.75
org.apache.cassandra.thrift.ThriftServer;1.0;0.0;1.0;1.0;3.0;0.75
org.apache.cassandra.thrift.ThriftServer$ThriftServerThread;1.0;1.0;1.0;1.0;4.0;1.0
org.apache.cassandra.thrift.ThriftSessionManager;1.0;0.0;1.0;1.0;3.0;0.75
org.apache.cassandra.thrift.ThriftValidation;1.0;1.0;1.0;0.0;3.0;0.75
org.apache.cassandra.tools.AbstractJmxClient;1.0;0.0;1.0;1.0;3.0;0.75
org.apache.cassandra.tools.BulkLoader;1.0;0.0;1.0;1.0;3.0;0.75
org.apache.cassandra.tools.BulkLoader$ExternalClient;1.0;0.0;1.0;1.0;3.0;0.75
org.apache.cassandra.tools.BulkLoader$LoaderOptions;1.0;0.0;1.0;1.0;3.0;0.75
org.apache.cassandra.tools.BulkLoader$ProgressIndicator;1.0;0.0;1.0;1.0;3.0;0.75
org.apache.cassandra.tools.CassandraClient;1.0;0.0;1.0;1.0;3.0;0.75
org.apache.cassandra.tools.ColumnFamilyStoreMBeanIterator;1.0;0.0;1.0;1.0;3.0;0.75
org.apache.cassandra.tools.GetVersion;1.0;1.0;1.0;1.0;4.0;1.0
org.apache.cassandra.tools.JMXConnection;1.0;0.0;1.0;1.0;3.0;0.75
org.apache.cassandra.tools.NodeCmd;1.0;1.0;1.0;0.0;3.0;0.75
org.apache.cassandra.tools.NodeCmd$ClusterStatus;1.0;0.0;1.0;1.0;3.0;0.75
org.apache.cassandra.tools.NodeCmd$ToolCommandLine;1.0;0.0;1.0;1.0;3.0;0.75
org.apache.cassandra.tools.NodeCmd$ToolOptions;1.0;1.0;1.0;1.0;4.0;1.0
org.apache.cassandra.tools.NodeProbe;1.0;1.0;0.0;0.0;2.0;0.5
org.apache.cassandra.tools.NodeToolHelp;1.0;1.0;1.0;1.0;4.0;1.0
org.apache.cassandra.tools.NodeToolHelp$NodeToolCommand;1.0;1.0;1.0;1.0;4.0;1.0
org.apache.cassandra.tools.SSTableExport;1.0;1.0;1.0;0.0;3.0;0.75
org.apache.cassandra.tools.SSTableImport;1.0;0.0;1.0;0.0;2.0;0.5
org.apache.cassandra.tools.SSTableImport$JsonColumn;1.0;0.0;1.0;1.0;3.0;0.75
org.apache.cassandra.tools.SSTableMetadataViewer;1.0;1.0;1.0;1.0;4.0;1.0
org.apache.cassandra.tools.Shuffle;1.0;1.0;1.0;0.0;3.0;0.75
org.apache.cassandra.tools.ShuffleError;1.0;1.0;1.0;1.0;4.0;1.0
org.apache.cassandra.tools.StandaloneScrubber;1.0;0.0;1.0;1.0;3.0;0.75
org.apache.cassandra.tools.StandaloneScrubber$Options;1.0;0.0;1.0;1.0;3.0;0.75
org.apache.cassandra.tools.ThreadPoolProxyMBeanIterator;1.0;0.0;1.0;1.0;3.0;0.75
org.apache.cassandra.tracing.TraceState;1.0;0.0;1.0;1.0;3.0;0.75
org.apache.cassandra.tracing.Tracing;1.0;0.0;1.0;0.0;2.0;0.5
org.apache.cassandra.transport.CBUtil;1.0;0.0;1.0;0.0;2.0;0.5
org.apache.cassandra.transport.CBUtil$BufferBuilder;1.0;0.0;1.0;1.0;3.0;0.75
org.apache.cassandra.transport.Client;1.0;1.0;1.0;1.0;4.0;1.0
org.apache.cassandra.transport.Connection;1.0;0.0;1.0;1.0;3.0;0.75
org.apache.cassandra.transport.Event;1.0;0.0;1.0;1.0;3.0;0.75
org.apache.cassandra.transport.Event$SchemaChange;1.0;0.0;1.0;1.0;3.0;0.75
org.apache.cassandra.transport.Event$StatusChange;1.0;0.0;1.0;1.0;3.0;0.75
org.apache.cassandra.transport.Event$TopologyChange;1.0;0.0;1.0;1.0;3.0;0.75
org.apache.cassandra.transport.Frame;1.0;0.0;1.0;1.0;3.0;0.75
org.apache.cassandra.transport.Frame$Compressor;1.0;1.0;1.0;1.0;4.0;1.0
org.apache.cassandra.transport.Frame$Decoder;1.0;0.0;1.0;1.0;3.0;0.75
org.apache.cassandra.transport.Frame$Decompressor;1.0;1.0;1.0;1.0;4.0;1.0
org.apache.cassandra.transport.Frame$Encoder;1.0;1.0;1.0;1.0;4.0;1.0
org.apache.cassandra.transport.Frame$Header;1.0;0.0;1.0;1.0;3.0;0.75
org.apache.cassandra.transport.FrameCompressor$SnappyCompressor;1.0;1.0;1.0;1.0;4.0;1.0
org.apache.cassandra.transport.Message;1.0;0.0;1.0;1.0;3.0;0.75
org.apache.cassandra.transport.Message$Dispatcher;1.0;1.0;1.0;1.0;4.0;1.0
org.apache.cassandra.transport.Message$ProtocolDecoder;1.0;1.0;1.0;1.0;4.0;1.0
org.apache.cassandra.transport.Message$ProtocolEncoder;1.0;1.0;1.0;1.0;4.0;1.0
org.apache.cassandra.transport.Message$Request;1.0;0.0;1.0;1.0;3.0;0.75
org.apache.cassandra.transport.OptionCodec;1.0;0.0;1.0;1.0;3.0;0.75
org.apache.cassandra.transport.RequestThreadPoolExecutor;1.0;1.0;1.0;1.0;4.0;1.0
org.apache.cassandra.transport.Server;1.0;0.0;1.0;1.0;3.0;0.75
org.apache.cassandra.transport.Server$ConnectionTracker;1.0;0.0;1.0;1.0;3.0;0.75
org.apache.cassandra.transport.Server$EventNotifier;1.0;0.0;1.0;0.0;2.0;0.5
org.apache.cassandra.transport.Server$PipelineFactory;1.0;0.0;1.0;1.0;3.0;0.75
org.apache.cassandra.transport.ServerConnection;1.0;0.0;1.0;1.0;3.0;0.75
org.apache.cassandra.transport.ServerError;1.0;1.0;1.0;1.0;4.0;1.0
org.apache.cassandra.transport.SimpleClient;1.0;0.0;1.0;1.0;3.0;0.75
org.apache.cassandra.transport.SimpleClient$ConnectionTracker;1.0;1.0;1.0;1.0;4.0;1.0
org.apache.cassandra.transport.SimpleClient$PipelineFactory;1.0;1.0;1.0;1.0;4.0;1.0
org.apache.cassandra.transport.SimpleClient$ResponseHandler;1.0;1.0;1.0;1.0;4.0;1.0
org.apache.cassandra.transport.messages.AuthenticateMessage;1.0;0.0;1.0;1.0;3.0;0.75
org.apache.cassandra.transport.messages.CredentialsMessage;1.0;0.0;1.0;1.0;3.0;0.75
org.apache.cassandra.transport.messages.ErrorMessage;1.0;0.0;1.0;1.0;3.0;0.75
org.apache.cassandra.transport.messages.EventMessage;1.0;0.0;1.0;1.0;3.0;0.75
org.apache.cassandra.transport.messages.ExecuteMessage;1.0;0.0;1.0;1.0;3.0;0.75
org.apache.cassandra.transport.messages.OptionsMessage;1.0;0.0;1.0;1.0;3.0;0.75
org.apache.cassandra.transport.messages.PrepareMessage;1.0;0.0;1.0;1.0;3.0;0.75
org.apache.cassandra.transport.messages.QueryMessage;1.0;0.0;1.0;1.0;3.0;0.75
org.apache.cassandra.transport.messages.ReadyMessage;1.0;1.0;1.0;1.0;4.0;1.0
org.apache.cassandra.transport.messages.RegisterMessage;1.0;0.0;1.0;1.0;3.0;0.75
org.apache.cassandra.transport.messages.ResultMessage;1.0;0.0;1.0;1.0;3.0;0.75
org.apache.cassandra.transport.messages.ResultMessage$Prepared;1.0;0.0;1.0;1.0;3.0;0.75
org.apache.cassandra.transport.messages.ResultMessage$Rows;1.0;0.0;1.0;1.0;3.0;0.75
org.apache.cassandra.transport.messages.ResultMessage$SchemaChange;1.0;0.0;1.0;1.0;3.0;0.75
org.apache.cassandra.transport.messages.ResultMessage$SetKeyspace;1.0;0.0;1.0;1.0;3.0;0.75
org.apache.cassandra.transport.messages.ResultMessage$Void;1.0;0.0;1.0;1.0;3.0;0.75
org.apache.cassandra.transport.messages.StartupMessage;1.0;0.0;1.0;1.0;3.0;0.75
org.apache.cassandra.transport.messages.SupportedMessage;1.0;0.0;1.0;1.0;3.0;0.75
org.apache.cassandra.utils.Allocator;1.0;1.0;1.0;1.0;4.0;1.0
org.apache.cassandra.utils.AlwaysPresentFilter;1.0;0.0;1.0;1.0;3.0;0.75
org.apache.cassandra.utils.BiMultiValMap;1.0;0.0;1.0;0.0;2.0;0.5
org.apache.cassandra.utils.BloomCalculations;1.0;0.0;1.0;1.0;3.0;0.75
org.apache.cassandra.utils.BloomCalculations$BloomSpecification;1.0;1.0;1.0;1.0;4.0;1.0
org.apache.cassandra.utils.BloomFilter;1.0;0.0;1.0;1.0;3.0;0.75
org.apache.cassandra.utils.BloomFilterSerializer;1.0;0.0;1.0;1.0;3.0;0.75
org.apache.cassandra.utils.BoundedStatsDeque;1.0;0.0;1.0;1.0;3.0;0.75
org.apache.cassandra.utils.BytesReadTracker;1.0;0.0;1.0;0.0;2.0;0.5
org.apache.cassandra.utils.CLibrary;1.0;0.0;1.0;0.0;2.0;0.5
org.apache.cassandra.utils.CounterId;1.0;0.0;1.0;0.0;2.0;0.5
org.apache.cassandra.utils.CounterId$CounterIdRecord;1.0;0.0;1.0;1.0;3.0;0.75
org.apache.cassandra.utils.CounterId$LocalCounterIdHistory;1.0;1.0;1.0;1.0;4.0;1.0
org.apache.cassandra.utils.CounterId$LocalIds;1.0;1.0;1.0;1.0;4.0;1.0
org.apache.cassandra.utils.CounterId$OneShotRenewer;1.0;1.0;1.0;1.0;4.0;1.0
org.apache.cassandra.utils.DefaultDouble;1.0;0.0;1.0;1.0;3.0;0.75
org.apache.cassandra.utils.DefaultInteger;1.0;0.0;1.0;1.0;3.0;0.75
org.apache.cassandra.utils.EstimatedHistogram;1.0;0.0;1.0;0.0;2.0;0.5
org.apache.cassandra.utils.EstimatedHistogram$EstimatedHistogramSerializer;1.0;1.0;1.0;1.0;4.0;1.0
org.apache.cassandra.utils.ExpiringMap;1.0;0.0;1.0;0.0;2.0;0.5
org.apache.cassandra.utils.ExpiringMap$CacheableObject;1.0;0.0;1.0;1.0;3.0;0.75
org.apache.cassandra.utils.FBUtilities;1.0;1.0;1.0;0.0;3.0;0.75
org.apache.cassandra.utils.FBUtilities$WrappedCloseableIterator;1.0;1.0;1.0;1.0;4.0;1.0
org.apache.cassandra.utils.FastByteComparisons;1.0;1.0;1.0;1.0;4.0;1.0
org.apache.cassandra.utils.FastByteComparisons$LexicographicalComparerHolder;1.0;1.0;1.0;1.0;4.0;1.0
org.apache.cassandra.utils.FilterFactory;1.0;0.0;1.0;1.0;3.0;0.75
org.apache.cassandra.utils.GuidGenerator;1.0;0.0;1.0;1.0;3.0;0.75
org.apache.cassandra.utils.HeapAllocator;1.0;1.0;1.0;1.0;4.0;1.0
org.apache.cassandra.utils.Hex;1.0;0.0;1.0;1.0;3.0;0.75
org.apache.cassandra.utils.Interval;1.0;0.0;1.0;1.0;3.0;0.75
org.apache.cassandra.utils.IntervalTree;1.0;0.0;1.0;0.0;2.0;0.5
org.apache.cassandra.utils.IntervalTree$IntervalNode;1.0;0.0;1.0;1.0;3.0;0.75
org.apache.cassandra.utils.IntervalTree$Serializer;1.0;0.0;1.0;1.0;3.0;0.75
org.apache.cassandra.utils.IntervalTree$TreeIterator;1.0;0.0;1.0;1.0;3.0;0.75
org.apache.cassandra.utils.LatencyTracker;1.0;0.0;1.0;1.0;3.0;0.75
org.apache.cassandra.utils.LegacyBloomFilter;1.0;0.0;1.0;0.0;2.0;0.5
org.apache.cassandra.utils.LegacyBloomFilterSerializer;1.0;1.0;1.0;1.0;4.0;1.0
org.apache.cassandra.utils.MD5Digest;1.0;0.0;1.0;1.0;3.0;0.75
org.apache.cassandra.utils.MergeIterator;1.0;0.0;1.0;1.0;3.0;0.75
org.apache.cassandra.utils.MergeIterator$Candidate;1.0;0.0;1.0;1.0;3.0;0.75
org.apache.cassandra.utils.MergeIterator$ManyToOne;1.0;0.0;1.0;1.0;3.0;0.75
org.apache.cassandra.utils.MergeIterator$OneToOne;1.0;1.0;1.0;1.0;4.0;1.0
org.apache.cassandra.utils.MergeIterator$TrivialOneToOne;1.0;1.0;1.0;1.0;4.0;1.0
org.apache.cassandra.utils.MerkleTree;1.0;1.0;1.0;0.0;3.0;0.75
org.apache.cassandra.utils.MerkleTree$Hashable;1.0;0.0;1.0;1.0;3.0;0.75
org.apache.cassandra.utils.MerkleTree$Hashable$HashableSerializer;1.0;1.0;1.0;1.0;4.0;1.0
org.apache.cassandra.utils.MerkleTree$Inner;1.0;0.0;1.0;1.0;3.0;0.75
org.apache.cassandra.utils.MerkleTree$Inner$InnerSerializer;1.0;1.0;1.0;1.0;4.0;1.0
org.apache.cassandra.utils.MerkleTree$Leaf;1.0;0.0;1.0;1.0;3.0;0.75
org.apache.cassandra.utils.MerkleTree$Leaf$LeafSerializer;1.0;1.0;1.0;1.0;4.0;1.0
org.apache.cassandra.utils.MerkleTree$MerkleTreeSerializer;1.0;1.0;1.0;1.0;4.0;1.0
org.apache.cassandra.utils.MerkleTree$RowHash;1.0;1.0;1.0;1.0;4.0;1.0
org.apache.cassandra.utils.MerkleTree$StopRecursion;1.0;1.0;1.0;1.0;4.0;1.0
org.apache.cassandra.utils.MerkleTree$StopRecursion$BadRange;1.0;1.0;1.0;1.0;4.0;1.0
org.apache.cassandra.utils.MerkleTree$StopRecursion$InvalidHash;1.0;1.0;1.0;1.0;4.0;1.0
org.apache.cassandra.utils.MerkleTree$StopRecursion$TooDeep;1.0;1.0;1.0;1.0;4.0;1.0
org.apache.cassandra.utils.MerkleTree$TreeRange;1.0;0.0;1.0;1.0;3.0;0.75
org.apache.cassandra.utils.MerkleTree$TreeRangeIterator;1.0;0.0;1.0;1.0;3.0;0.75
org.apache.cassandra.utils.Murmur2BloomFilter;1.0;1.0;1.0;1.0;4.0;1.0
org.apache.cassandra.utils.Murmur2BloomFilter$Murmur2BloomFilterSerializer;1.0;1.0;1.0;1.0;4.0;1.0
org.apache.cassandra.utils.Murmur3BloomFilter;1.0;1.0;1.0;1.0;4.0;1.0
org.apache.cassandra.utils.Murmur3BloomFilter$Murmur3BloomFilterSerializer;1.0;1.0;1.0;1.0;4.0;1.0
org.apache.cassandra.utils.MurmurHash;1.0;0.0;1.0;1.0;3.0;0.75
org.apache.cassandra.utils.Mx4jTool;1.0;0.0;1.0;1.0;3.0;0.75
org.apache.cassandra.utils.OutputHandler$LogOutput;1.0;0.0;1.0;1.0;3.0;0.75
org.apache.cassandra.utils.OutputHandler$SystemOutput;1.0;0.0;1.0;1.0;3.0;0.75
org.apache.cassandra.utils.PureJavaCrc32;1.0;0.0;1.0;1.0;3.0;0.75
org.apache.cassandra.utils.ResourceWatcher;1.0;1.0;1.0;1.0;4.0;1.0
org.apache.cassandra.utils.ResourceWatcher$WatchedResource;1.0;0.0;1.0;1.0;3.0;0.75
org.apache.cassandra.utils.SemanticVersion;1.0;1.0;1.0;1.0;4.0;1.0
org.apache.cassandra.utils.SimpleCondition;1.0;0.0;1.0;1.0;3.0;0.75
org.apache.cassandra.utils.SkipNullRepresenter;1.0;1.0;1.0;1.0;4.0;1.0
org.apache.cassandra.utils.SlabAllocator;1.0;0.0;1.0;1.0;3.0;0.75
org.apache.cassandra.utils.SlabAllocator$Region;1.0;0.0;1.0;1.0;3.0;0.75
org.apache.cassandra.utils.SortedBiMultiValMap;1.0;0.0;1.0;1.0;3.0;0.75
org.apache.cassandra.utils.StatusLogger;1.0;1.0;1.0;1.0;4.0;1.0
org.apache.cassandra.utils.StreamingHistogram;1.0;0.0;1.0;1.0;3.0;0.75
org.apache.cassandra.utils.StreamingHistogram$StreamingHistogramSerializer;1.0;1.0;1.0;1.0;4.0;1.0
org.apache.cassandra.utils.Throttle;1.0;0.0;1.0;1.0;3.0;0.75
org.apache.cassandra.utils.UUIDGen;1.0;0.0;1.0;0.0;2.0;0.5
org.apache.cassandra.utils.obs.ArrayUtil;1.0;1.0;1.0;1.0;4.0;1.0
org.apache.cassandra.utils.obs.BitUtil;1.0;1.0;1.0;0.0;3.0;0.75
org.apache.cassandra.utils.obs.OffHeapBitSet;1.0;0.0;1.0;0.0;2.0;0.5
org.apache.cassandra.utils.obs.OpenBitSet;1.0;1.0;1.0;0.0;3.0;0.75
org.apache.cassandra.utils.vint.EncodedDataInputStream;1.0;0.0;1.0;0.0;2.0;0.5
org.apache.cassandra.utils.vint.EncodedDataOutputStream;1.0;0.0;1.0;1.0;3.0;0.75
org.apache.cassandra.config.CFMetaData;0.0;1.0;0.0;0.0;1.0;0.25
org.apache.cassandra.config.ColumnDefinition;0.0;1.0;1.0;0.0;2.0;0.5
org.apache.cassandra.config.EncryptionOptions$ClientEncryptionOptions;0.0;1.0;1.0;1.0;3.0;0.75
org.apache.cassandra.config.EncryptionOptions$ServerEncryptionOptions;0.0;1.0;1.0;1.0;3.0;0.75
org.apache.cassandra.cql3.statements.ParsedStatement$Prepared;0.0;1.0;1.0;1.0;3.0;0.75
org.apache.cassandra.db.UnknownColumnFamilyException;0.0;1.0;1.0;1.0;3.0;0.75
org.apache.cassandra.dht.Range;0.0;1.0;1.0;0.0;2.0;0.5
org.apache.cassandra.exceptions.AuthenticationException;0.0;1.0;1.0;1.0;3.0;0.75
org.apache.cassandra.exceptions.ConfigurationException;0.0;1.0;1.0;1.0;3.0;0.75
org.apache.cassandra.exceptions.InvalidRequestException;0.0;1.0;1.0;1.0;3.0;0.75
org.apache.cassandra.exceptions.RequestExecutionException;0.0;1.0;1.0;1.0;3.0;0.75
org.apache.cassandra.exceptions.RequestValidationException;0.0;1.0;1.0;1.0;3.0;0.75
org.apache.cassandra.exceptions.SyntaxException;0.0;1.0;1.0;1.0;3.0;0.75
org.apache.cassandra.exceptions.UnauthorizedException;0.0;1.0;1.0;1.0;3.0;0.75
org.apache.cassandra.exceptions.WriteTimeoutException;0.0;1.0;1.0;1.0;3.0;0.75
org.apache.cassandra.io.FSError;0.0;1.0;1.0;1.0;3.0;0.75
org.apache.cassandra.io.FSReadError;0.0;1.0;1.0;1.0;3.0;0.75
org.apache.cassandra.io.FSWriteError;0.0;1.0;1.0;1.0;3.0;0.75
org.apache.cassandra.io.sstable.CorruptSSTableException;0.0;1.0;1.0;1.0;3.0;0.75
org.apache.cassandra.tools.BulkLoader$CmdLineOptions;0.0;1.0;1.0;1.0;3.0;0.75
org.apache.cassandra.transport.Message$Response;0.0;1.0;1.0;1.0;3.0;0.75
org.apache.cassandra.transport.ProtocolException;0.0;1.0;1.0;1.0;3.0;0.75
org.apache.cassandra.utils.ByteBufferUtil;0.0;1.0;1.0;0.0;2.0;0.5
org.apache.cassandra.utils.WrappedRunnable;0.0;1.0;1.0;1.0;3.0;0.75
org.apache.cassandra.config.EncryptionOptions;0.0;0.0;1.0;1.0;2.0;0.5
org.apache.cassandra.cql3.CFName;0.0;0.0;1.0;1.0;2.0;0.5
org.apache.cassandra.cql3.ColumnIdentifier;0.0;0.0;1.0;1.0;2.0;0.5
org.apache.cassandra.cql3.ColumnSpecification;0.0;0.0;1.0;1.0;2.0;0.5
org.apache.cassandra.cql3.Term;0.0;0.0;1.0;1.0;2.0;0.5
org.apache.cassandra.cql3.statements.CFStatement;0.0;0.0;1.0;1.0;2.0;0.5
org.apache.cassandra.db.DecoratedKey;0.0;0.0;1.0;1.0;2.0;0.5
org.apache.cassandra.db.DeletionTime;0.0;0.0;1.0;1.0;2.0;0.5
org.apache.cassandra.db.RangeTombstone;0.0;0.0;1.0;1.0;2.0;0.5
org.apache.cassandra.db.TypeSizes;0.0;0.0;1.0;1.0;2.0;0.5
org.apache.cassandra.db.compaction.CompactionInfo$Holder;0.0;0.0;1.0;1.0;2.0;0.5
org.apache.cassandra.db.marshal.AbstractType;0.0;0.0;1.0;0.0;1.0;0.25
org.apache.cassandra.db.marshal.UTF8Type;0.0;0.0;1.0;1.0;2.0;0.5
org.apache.cassandra.dht.Token;0.0;0.0;1.0;0.0;1.0;0.25
org.apache.cassandra.dht.Token$TokenFactory;0.0;0.0;1.0;1.0;2.0;0.5
org.apache.cassandra.io.sstable.Descriptor;0.0;0.0;1.0;0.0;1.0;0.25
org.apache.cassandra.service.QueryState;0.0;0.0;1.0;1.0;2.0;0.5
org.apache.cassandra.utils.MergeIterator$Reducer;0.0;0.0;1.0;1.0;2.0;0.5
org.apache.cassandra.utils.Pair;0.0;0.0;1.0;1.0;2.0;0.5
org.apache.cassandra.utils.UUIDSerializer;0.0;0.0;1.0;1.0;2.0;0.5
Ocurrences;882.0;343.0;905.0;764.0
Rule DeF;0.9524838012958964;0.37041036717062636;0.9773218142548596;0.8250539956803455